user_id;rec_stories
102390;[10610076, 3157478, 10322302, 7899682, 4586362]
4767346;[10610076, 3157478, 7899682, 10322302, 6466185]
5695337;[6772394, 8837107, 9424669, 9832027, 8612305]
5778823;[6821850, 6772394, 8837107, 4293510, 8612305]
6861153;[6772394, 8837107, 4293510, 9832027, 8612305]
8816804;[10610076, 10322302, 3157478, 4586362, 6772394]
1568093;[5716145, 7965930, 6821850, 6550419, 6989390]
1656852;[6772394, 8837107, 6821850, 4293510, 8612305]
1912243;[10610076, 3157478, 10322302, 7899682, 9281148]
1945346;[6821850, 7965930, 5716145, 5882420, 6989390]
2165651;[10610076, 3157478, 5453054, 8914586, 5077573]
2216419;[8914586, 9704180, 11446957, 5403795, 9424669]
2699311;[6821850, 7965930, 5716145, 6550419, 5882420]
2938253;[10610076, 3157478, 7899682, 9281148, 10322302]
3446643;[10610076, 3157478, 7899682, 10322302, 6466185]
4019838;[10610076, 8914586, 11671069, 3157478, 6174426]
102390;[6772394, 8837107, 10322302, 9832027, 4586362]
4677085;[10610076, 3157478, 7899682, 5453054, 3401052]
4724487;[10610076, 3157478, 11671069, 8914586, 5077573]
4728832;[10610076, 3157478, 5453054, 7899682, 5077573]
5031561;[6821850, 7965930, 5882420, 2505033, 8837107]
5046181;[8914586, 7017751, 11446957, 5403795, 9704180]
5682116;[10610076, 8914586, 3157478, 5077573, 11671069]
5746815;[10610076, 8914586, 11671069, 5077573, 6174426]
6069390;[10610076, 3157478, 8914586, 5077573, 11671069]
6159354;[10610076, 3157478, 7899682, 10322302, 9281148]
6717323;[6821850, 7965930, 6772394, 8837107, 6145729]
8169752;[6821850, 7965930, 6772394, 8837107, 6145729]
8351371;[10610076, 8914586, 11671069, 3157478, 5077573]
788336;[10610076, 3157478, 5453054, 5077573, 6466185]
1654723;[10610076, 3157478, 11671069, 8914586, 5721324]
1730150;[10610076, 3157478, 6466185, 4586362, 10322302]
1757105;[5716145, 6550419, 4946293, 7965930, 6821850]
2619159;[6821850, 7965930, 8837107, 6772394, 4293510]
4000634;[8914586, 10610076, 5077573, 5403795, 9424669]
6951976;[10610076, 10322302, 3157478, 5721324, 6772394]
573249;[10610076, 3157478, 10322302, 9281148, 11671069]
1899359;[10610076, 3157478, 11671069, 7899682, 5721324]
4337657;[10610076, 3157478, 7899682, 9281148, 10322302]
102390;[7965930, 5716145, 6821850, 6989390, 6550419]
134545;[10610076, 3157478, 7899682, 6466185, 5453054]
4534898;[10610076, 3157478, 7899682, 5453054, 9281148]
5260429;[8914586, 9704180, 5403795, 11446957, 11574569]
5342079;[10610076, 3157478, 7899682, 10322302, 6466185]
5537142;[10610076, 3157478, 7899682, 9281148, 10322302]
6062052;[6772394, 8837107, 10322302, 4293510, 4586362]
6159354;[10610076, 3157478, 7899682, 9281148, 11671069]
6345170;[6772394, 10322302, 10610076, 8837107, 5721324]
6626981;[10610076, 3157478, 11671069, 5453054, 7899682]
6852914;[6821850, 6772394, 8837107, 4293510, 8612305]
6855546;[10610076, 11671069, 3157478, 9281148, 8914586]
7521550;[5716145, 7965930, 6821850, 6550419, 4946293]
7616911;[10610076, 3157478, 7899682, 5453054, 9281148]
7651263;[10610076, 3157478, 8914586, 5453054, 5077573]
8154465;[9704180, 8914586, 11446957, 5403795, 11574569]
8499112;[10610076, 3157478, 7899682, 9281148, 3401052]
8662366;[10610076, 3157478, 8914586, 11671069, 5077573]
531920;[10610076, 3157478, 7899682, 3401052, 5453054]
797895;[10610076, 3157478, 5453054, 3401052, 7899682]
841104;[10610076, 3157478, 7899682, 6466185, 3401052]
967713;[10610076, 3157478, 7899682, 5453054, 11671069]
1009447;[10610076, 3157478, 7899682, 5453054, 9281148]
1654723;[10610076, 3157478, 10322302, 7899682, 5721324]
1663463;[8914586, 5403795, 9704180, 5077573, 7017751]
1786009;[10610076, 3157478, 5721324, 10322302, 11671069]
2163663;[10610076, 3157478, 7899682, 9281148, 10322302]
2349486;[8837107, 6772394, 6821850, 4293510, 8612305]
2777454;[4946293, 6989390, 6821850, 9704180, 5716145]
3102161;[10610076, 3157478, 7899682, 10322302, 6466185]
3306332;[10610076, 3157478, 7899682, 11671069, 5453054]
3789603;[8914586, 11446957, 9704180, 5403795, 7017751]
4112334;[8914586, 9704180, 5403795, 11574569, 11446957]
4143778;[10610076, 3157478, 11671069, 7899682, 9281148]
4198562;[10610076, 3157478, 7899682, 10322302, 6466185]
102390;[6772394, 8837107, 10610076, 4586362, 9832027]
10907;[10610076, 3157478, 8914586, 11671069, 5077573]
134545;[6821850, 7965930, 5882420, 5716145, 6145729]
53836;[10610076, 3157478, 3401052, 5453054, 6466185]
4628268;[10610076, 3157478, 5453054, 7899682, 11671069]
4644898;[10610076, 3157478, 5453054, 7899682, 3401052]
4717091;[5716145, 7965930, 6821850, 6550419, 4946293]
4730707;[10610076, 3157478, 7899682, 10322302, 9281148]
4878013;[5716145, 7965930, 6821850, 6989390, 6550419]
5473971;[10610076, 11671069, 5721324, 9424669, 8914586]
6407232;[10610076, 3157478, 7899682, 10322302, 5453054]
6546201;[10610076, 8914586, 3157478, 5077573, 5453054]
667246;[10610076, 3157478, 7899682, 10322302, 5453054]
797895;[10610076, 3157478, 11671069, 8914586, 5721324]
841104;[5716145, 7965930, 6821850, 6550419, 4946293]
850365;[10610076, 3157478, 7899682, 9281148, 5453054]
1197815;[10610076, 3157478, 7899682, 6466185, 5453054]
1399297;[10610076, 10322302, 4586362, 6466185, 3157478]
1587743;[10610076, 3157478, 4586362, 6466185, 10322302]
1654723;[10610076, 10322302, 3157478, 4586362, 6466185]
1786009;[10610076, 8914586, 5077573, 11671069, 3157478]
1900973;[8914586, 5077573, 5403795, 9704180, 10610076]
1977590;[8914586, 10610076, 11671069, 9424669, 6174426]
2004496;[10610076, 3157478, 6466185, 5453054, 4586362]
2056115;[10610076, 8914586, 5077573, 11671069, 3157478]
2141158;[10610076, 3157478, 7899682, 9281148, 11671069]
2207088;[10610076, 3157478, 8914586, 11671069, 7899682]
2238971;[10610076, 3157478, 5453054, 3401052, 7899682]
2353125;[10610076, 3157478, 7899682, 9281148, 4228464]
2420553;[6772394, 8837107, 4293510, 8612305, 9832027]
2490778;[5716145, 7965930, 6550419, 6821850, 4946293]
2513926;[10610076, 3157478, 5453054, 8914586, 5077573]
2699127;[10610076, 10322302, 6772394, 5721324, 3157478]
2699805;[10610076, 3157478, 7899682, 10322302, 11671069]
2747146;[10610076, 3157478, 11671069, 7899682, 5721324]
3017256;[9704180, 8914586, 5403795, 11574569, 11446957]
3102161;[6821850, 7965930, 5716145, 6989390, 5882420]
3248292;[10610076, 3157478, 7899682, 5453054, 11671069]
3620736;[10610076, 3157478, 7899682, 10322302, 6466185]
4302290;[10610076, 3157478, 8914586, 9424669, 11671069]
4374622;[10610076, 3157478, 7899682, 9281148, 5453054]
102390;[10610076, 3157478, 11671069, 8914586, 9281148]
6159354;[10610076, 10322302, 3157478, 6772394, 4586362]
2207088;[10610076, 3157478, 5453054, 3401052, 6466185]
134545;[10610076, 3157478, 7899682, 5453054, 3401052]
4644898;[8914586, 10610076, 5077573, 5403795, 9704180]
5342079;[6821850, 7965930, 6772394, 8837107, 4293510]
5431916;[10610076, 3157478, 7899682, 10322302, 5453054]
5682116;[10610076, 3157478, 7899682, 10322302, 6466185]
5918924;[10610076, 9424669, 8914586, 3157478, 5721324]
6014936;[10610076, 3157478, 7899682, 9281148, 11671069]
6365094;[10610076, 8914586, 3157478, 5077573, 5453054]
6626981;[10610076, 3157478, 7899682, 6466185, 5453054]
6715824;[9704180, 8914586, 11574569, 5403795, 11446957]
6911829;[10610076, 3157478, 7899682, 6466185, 10322302]
7374173;[8914586, 10610076, 5077573, 11671069, 5403795]
7651263;[10610076, 3157478, 8914586, 11671069, 5077573]
7820878;[10610076, 3157478, 7899682, 9281148, 11671069]
8499112;[10610076, 8914586, 3157478, 11671069, 9281148]
797895;[10610076, 3157478, 11671069, 9281148, 7899682]
1301815;[10610076, 3157478, 7899682, 5453054, 3401052]
1663463;[10610076, 3157478, 11671069, 9281148, 7899682]
3102161;[10610076, 8914586, 9424669, 5077573, 2571676]
3861919;[8914586, 11446957, 9704180, 6821850, 9424669]
156982;[10610076, 3157478, 7899682, 10322302, 9281148]
185068;[10610076, 3157478, 7899682, 9281148, 11671069]
4644898;[10610076, 8914586, 11671069, 9424669, 5721324]
4660561;[10610076, 3157478, 7899682, 10322302, 9281148]
4680852;[10610076, 3157478, 11671069, 8914586, 5721324]
4717091;[10610076, 10322302, 4586362, 3157478, 6772394]
4733430;[10610076, 3157478, 7899682, 10322302, 6466185]
4857159;[10610076, 3157478, 7899682, 3401052, 6466185]
5342079;[10610076, 3157478, 7899682, 6466185, 10322302]
5451546;[10610076, 3157478, 5453054, 6466185, 7899682]
5537142;[8914586, 9424669, 11446957, 5403795, 9704180]
5540686;[10610076, 7899682, 3157478, 10322302, 6466185]
5548401;[10610076, 3157478, 7899682, 9281148, 5453054]
5682116;[10610076, 3157478, 7899682, 6466185, 10322302]
5986736;[5716145, 7965930, 6550419, 6821850, 4946293]
6159354;[10610076, 8914586, 11671069, 6174426, 9424669]
6293544;[10610076, 3157478, 7899682, 10322302, 9281148]
6357405;[10610076, 3157478, 7899682, 9281148, 11671069]
6484170;[10610076, 3157478, 7899682, 10322302, 5453054]
6852914;[10610076, 3157478, 7899682, 10322302, 6466185]
6855546;[10610076, 10322302, 6772394, 4586362, 3157478]
6960859;[10610076, 3157478, 8914586, 5453054, 5077573]
7445622;[10610076, 10322302, 4586362, 6466185, 6772394]
7521550;[10610076, 3157478, 7899682, 9281148, 10322302]
7651263;[6821850, 7965930, 5716145, 6550419, 4946293]
8079880;[10610076, 8914586, 11671069, 5077573, 9424669]
8662485;[10610076, 3157478, 7899682, 9281148, 5453054]
667246;[10610076, 3157478, 7899682, 10322302, 9281148]
676112;[10610076, 3157478, 7899682, 6466185, 4536005]
797895;[10610076, 3157478, 10322302, 11671069, 5721324]
849244;[8914586, 10610076, 9424669, 5077573, 11671069]
866150;[6772394, 8837107, 4586362, 9424669, 9832027]
1009447;[10610076, 3157478, 7899682, 6466185, 4586362]
1570528;[10610076, 3157478, 10322302, 5721324, 11671069]
1582883;[6772394, 10322302, 4586362, 3323816, 8837107]
1638611;[10610076, 6466185, 4586362, 3157478, 10322302]
1663463;[6821850, 6772394, 8837107, 4293510, 8612305]
1707053;[10610076, 3157478, 11671069, 7899682, 9281148]
1716755;[10610076, 8914586, 11671069, 9424669, 5077573]
1726366;[10610076, 3157478, 7899682, 10322302, 6466185]
1727251;[6772394, 8837107, 4293510, 8612305, 6821850]
1867834;[10610076, 3157478, 7899682, 10322302, 6466185]
1890235;[10610076, 3157478, 7899682, 6466185, 5453054]
1900973;[10610076, 8914586, 3157478, 11671069, 5077573]
1968974;[10610076, 6772394, 5721324, 10322302, 9424669]
2043604;[10610076, 3157478, 6466185, 3401052, 7899682]
2056115;[6772394, 8837107, 9832027, 4293510, 8612305]
2071557;[10610076, 3157478, 5453054, 3401052, 7899682]
2313978;[10610076, 3157478, 5453054, 6466185, 3401052]
2353125;[6772394, 8837107, 4293510, 6821850, 8612305]
2490778;[8914586, 10610076, 5077573, 11671069, 9424669]
2513926;[10610076, 3157478, 10322302, 7899682, 6466185]
2665609;[10610076, 3157478, 7899682, 10322302, 6466185]
2699805;[10610076, 3157478, 8914586, 5077573, 11671069]
3102161;[10610076, 3157478, 11671069, 8914586, 7899682]
3230503;[10610076, 11671069, 8914586, 6174426, 3157478]
3286045;[10610076, 3157478, 7899682, 5453054, 3401052]
3306332;[6821850, 7965930, 5716145, 5882420, 6550419]
3349157;[10610076, 8914586, 11671069, 3157478, 5077573]
3354458;[10610076, 8914586, 11671069, 9424669, 5077573]
3620736;[10610076, 3157478, 7899682, 10322302, 6466185]
3645727;[10610076, 6772394, 10322302, 5721324, 9832027]
3872595;[10610076, 7899682, 3157478, 10322302, 6466185]
4198562;[10610076, 11671069, 5721324, 8914586, 9424669]
4255025;[10322302, 10610076, 11671069, 5721324, 9281148]
4313102;[6821850, 7965930, 4968343, 8837107, 4293510]
4369280;[6772394, 5721324, 10322302, 8837107, 9832027]
4374622;[10610076, 9281148, 11671069, 3157478, 10322302]
4432684;[10610076, 3157478, 6466185, 7899682, 5453054]
4590174;[10610076, 3157478, 7899682, 10322302, 6466185]
5638596;[10610076, 3157478, 7899682, 10322302, 9281148]
8919669;[10610076, 3157478, 5453054, 3401052, 6466185]
531920;[10610076, 3157478, 7899682, 10322302, 6466185]
866150;[10610076, 6466185, 4536005, 3157478, 4586362]
920718;[6821850, 7965930, 5716145, 6550419, 5882420]
945165;[6772394, 8837107, 9424669, 9832027, 4293510]
1081298;[9704180, 8914586, 5403795, 11574569, 11446957]
1968974;[10610076, 3157478, 10322302, 5721324, 4586362]
2490778;[10610076, 3157478, 6466185, 3401052, 4586362]
3159672;[10610076, 3157478, 11671069, 5721324, 10322302]
3529966;[8914586, 5077573, 10610076, 5403795, 9704180]
4369280;[10610076, 3157478, 8914586, 5077573, 11671069]
4432684;[10610076, 3157478, 7899682, 6466185, 10322302]
4660561;[6821850, 7965930, 8837107, 4293510, 6772394]
8499112;[10610076, 3157478, 5453054, 8914586, 5077573]
1663463;[10610076, 3157478, 7899682, 10322302, 6466185]
1956770;[8914586, 9424669, 11446957, 9704180, 5403795]
3645727;[10610076, 3157478, 7899682, 11671069, 9281148]
5537142;[10610076, 10322302, 4586362, 6466185, 3157478]
6182956;[10610076, 3157478, 5453054, 3401052, 6466185]
8464935;[10610076, 3157478, 7899682, 6466185, 5453054]
8499112;[10610076, 3157478, 5453054, 6466185, 3401052]
1727251;[10610076, 10322302, 4586362, 6466185, 3157478]
4369280;[10610076, 3157478, 6466185, 5453054, 3401052]
5638596;[10610076, 3157478, 5453054, 8914586, 7899682]
6855546;[10610076, 3157478, 10322302, 4586362, 6466185]
8499112;[10610076, 3157478, 6466185, 4536005, 7899682]
866150;[10610076, 3157478, 7899682, 6466185, 10322302]
1009447;[8914586, 5403795, 9424669, 5077573, 11671069]
3306332;[10610076, 3157478, 11671069, 5721324, 10322302]
7201076;[10610076, 5721324, 3157478, 9424669, 10322302]
8357187;[10610076, 3157478, 5453054, 5077573, 8914586]
8499112;[6821850, 9704180, 7965930, 5716145, 11574569]
2490778;[8914586, 9424669, 2919503, 2571676, 11446957]
2777454;[10610076, 3157478, 7899682, 10322302, 6466185]
3017679;[10610076, 3157478, 8914586, 11671069, 5077573]
3306332;[5716145, 7965930, 6550419, 6821850, 4946293]
3620736;[10610076, 3157478, 10322302, 7899682, 5721324]
102390;[10610076, 3157478, 6466185, 7899682, 3401052]
456647;[8914586, 10610076, 9424669, 2571676, 5077573]
4724487;[2571676, 9424669, 2505033, 8837107, 8914586]
4735988;[6772394, 8837107, 4586362, 10610076, 9832027]
4741780;[10610076, 3157478, 7899682, 10322302, 9281148]
1426613;[10610076, 3157478, 7899682, 6466185, 5453054]
1726366;[6821850, 5716145, 7965930, 6550419, 6989390]
2120788;[6821850, 7965930, 5882420, 5716145, 6145729]
4068301;[10610076, 3157478, 7899682, 9281148, 5453054]
102390;[10610076, 9424669, 6772394, 8837107, 2571676]
134545;[10610076, 3157478, 7899682, 10322302, 6466185]
4502738;[10610076, 9424669, 2571676, 5721324, 6772394]
4612655;[10610076, 8914586, 3157478, 11671069, 5077573]
4660561;[10610076, 3157478, 7899682, 6466185, 3401052]
4724487;[10610076, 3157478, 7899682, 6466185, 3401052]
4735988;[10610076, 3157478, 7899682, 11671069, 9281148]
4748489;[8914586, 9424669, 2571676, 5077573, 2919503]
4823105;[10610076, 3157478, 5453054, 6466185, 9424669]
4848800;[5716145, 7965930, 6821850, 6550419, 4946293]
5044249;[10610076, 3157478, 7899682, 6466185, 10322302]
5198608;[10610076, 3157478, 11671069, 9281148, 8914586]
5208280;[5716145, 7965930, 6821850, 6550419, 6989390]
5494836;[5716145, 7965930, 6550419, 6821850, 6989390]
5540686;[9704180, 8914586, 11574569, 5403795, 11446957]
5548401;[8914586, 9704180, 5403795, 5077573, 11574569]
6159354;[6821850, 7965930, 5716145, 6989390, 5882420]
6275666;[10610076, 3157478, 8914586, 11671069, 5077573]
6484170;[10610076, 3157478, 7899682, 10322302, 6466185]
6717323;[4586362, 6466185, 6772394, 8837107, 4536005]
737376;[10610076, 3157478, 5453054, 6466185, 3401052]
788336;[5782108, 1260679, 4536005, 6466185, 4745329]
841104;[10610076, 3157478, 6466185, 7899682, 3401052]
848498;[10610076, 3157478, 6466185, 5453054, 3401052]
892226;[10610076, 7899682, 10322302, 3268063, 4586362]
1103092;[10610076, 3157478, 8914586, 11671069, 5077573]
1169362;[10610076, 3157478, 7899682, 10322302, 9281148]
1230656;[10610076, 3157478, 7899682, 10322302, 6466185]
1304234;[10610076, 3157478, 10322302, 7899682, 4586362]
1361554;[10610076, 10322302, 3157478, 4586362, 6466185]
1426613;[10610076, 3157478, 4586362, 6466185, 10322302]
1726366;[10610076, 8914586, 9424669, 5721324, 11671069]
1759089;[10610076, 10322302, 3157478, 7899682, 4586362]
1963839;[10610076, 3157478, 7899682, 10322302, 9281148]
1964394;[10610076, 3157478, 7899682, 9281148, 11671069]
1971975;[10610076, 3157478, 10322302, 4586362, 6466185]
2071557;[10610076, 3157478, 6466185, 3401052, 4586362]
2191537;[6821850, 7965930, 5882420, 5716145, 6989390]
2527403;[10610076, 7899682, 3157478, 10322302, 6466185]
2590193;[10610076, 3157478, 7899682, 6466185, 10322302]
2642025;[10610076, 3157478, 7899682, 10322302, 6466185]
2776642;[10610076, 3157478, 7899682, 5453054, 3401052]
3306332;[10610076, 10322302, 3157478, 7899682, 4586362]
3423761;[10610076, 3157478, 7899682, 6466185, 10322302]
3444838;[10610076, 7899682, 3157478, 10322302, 6466185]
3957230;[10610076, 10322302, 4586362, 7899682, 6466185]
4023558;[6772394, 8837107, 9832027, 4293510, 9424669]
4067190;[10610076, 3157478, 7899682, 5453054, 6466185]
4068301;[10610076, 3157478, 7899682, 6466185, 5453054]
4221031;[10610076, 3157478, 6466185, 4586362, 10322302]
4385711;[10610076, 6466185, 4586362, 4536005, 3401052]
4407605;[10610076, 8914586, 3157478, 5077573, 11671069]
102390;[10322302, 10610076, 4586362, 6772394, 6466185]
456647;[10322302, 6772394, 4586362, 6733544, 3323816]
4502738;[8914586, 9424669, 5077573, 2919503, 2571676]
4624251;[10610076, 3157478, 7899682, 5453054, 11671069]
4724487;[10610076, 3157478, 5453054, 6466185, 5721324]
4735988;[10610076, 3157478, 7899682, 6466185, 10322302]
4823105;[10610076, 3157478, 7899682, 5453054, 3401052]
5540686;[10610076, 3157478, 10322302, 7899682, 4586362]
5565245;[10610076, 3157478, 6466185, 3401052, 5453054]
5716768;[10610076, 3157478, 5453054, 7899682, 3401052]
6023643;[10610076, 3157478, 5721324, 11671069, 10322302]
6182956;[7965930, 5716145, 6821850, 5782455, 5019485]
7445622;[10610076, 3157478, 6466185, 7899682, 4586362]
529727;[10610076, 7899682, 3157478, 10322302, 3268063]
697940;[10610076, 3157478, 8914586, 5077573, 11671069]
737376;[10610076, 3157478, 7899682, 10322302, 6466185]
788336;[8914586, 9704180, 5403795, 11574569, 11446957]
818368;[10610076, 3157478, 10322302, 7899682, 9281148]
848498;[10610076, 3157478, 7899682, 5453054, 3401052]
874735;[10610076, 10322302, 7899682, 3157478, 4586362]
909080;[10610076, 3157478, 10322302, 4586362, 5721324]
985407;[10610076, 3157478, 7899682, 10322302, 6466185]
1169362;[6772394, 10322302, 8837107, 4586362, 10610076]
1175945;[10610076, 3157478, 6466185, 7899682, 3401052]
1361664;[10610076, 3157478, 7899682, 10322302, 6466185]
1374677;[10610076, 3157478, 7899682, 10322302, 6466185]
1400419;[10610076, 6466185, 4586362, 4536005, 3157478]
1426613;[10610076, 3157478, 7899682, 11671069, 10322302]
1435694;[10610076, 3157478, 7899682, 10322302, 6466185]
1547857;[10610076, 3157478, 7899682, 10322302, 6466185]
1570528;[10610076, 10322302, 3157478, 7899682, 4586362]
1612089;[6821850, 7965930, 5716145, 6550419, 4946293]
1623122;[10610076, 10322302, 3157478, 7899682, 4586362]
1638611;[5716145, 7965930, 6550419, 4946293, 6821850]
1705936;[10610076, 8914586, 5077573, 11671069, 3157478]
1708271;[10610076, 10322302, 6772394, 5721324, 3157478]
1726366;[10610076, 3157478, 7899682, 10322302, 6466185]
1793757;[8837107, 6772394, 6821850, 4293510, 8612305]
1883885;[8914586, 11671069, 6174426, 9424669, 5077573]
1910652;[10610076, 3157478, 5453054, 7899682, 3401052]
1963839;[10610076, 7899682, 10322302, 3157478, 3268063]
1964394;[10610076, 3157478, 7899682, 6466185, 3268063]
1994922;[10610076, 3157478, 5453054, 6466185, 3401052]
2130659;[10322302, 6772394, 4586362, 10610076, 6733544]
2131527;[6821850, 7965930, 8914586, 11446957, 9704180]
2208534;[6821850, 6772394, 8837107, 4293510, 7965930]
2213599;[7965930, 6821850, 5716145, 6550419, 5882420]
2251479;[10610076, 3157478, 7899682, 5453054, 3401052]
2338415;[6772394, 10322302, 8837107, 4586362, 9832027]
2399200;[5716145, 7965930, 6821850, 6550419, 4946293]
2487027;[6821850, 7965930, 8837107, 4293510, 6772394]
2490778;[6821850, 7965930, 5716145, 6550419, 5882420]
2513926;[10610076, 5721324, 9424669, 6772394, 10322302]
2514331;[10610076, 3157478, 6466185, 3401052, 4536005]
2642985;[10610076, 10322302, 7899682, 3157478, 4586362]
2789154;[10610076, 3157478, 7899682, 10322302, 4586362]
3133152;[10610076, 3157478, 7899682, 9281148, 10322302]
3306332;[10610076, 3157478, 7899682, 11671069, 10322302]
3488110;[10610076, 3157478, 4586362, 6466185, 10322302]
3932749;[6821850, 7965930, 5882420, 5716145, 9704180]
4068301;[10610076, 3157478, 7899682, 5453054, 11671069]
4096536;[9424669, 2571676, 8914586, 2505033, 5077573]
4368910;[6772394, 8837107, 4293510, 8612305, 9832027]
102390;[10610076, 3157478, 5453054, 7899682, 6466185]
426638;[6772394, 10322302, 8837107, 4586362, 4293510]
442836;[5716145, 7965930, 6550419, 4946293, 6821850]
56285;[6821850, 7965930, 8837107, 5882420, 2505033]
4561926;[6821850, 7965930, 9704180, 5882420, 2505033]
4605054;[6821850, 7965930, 5716145, 5882420, 6145729]
4612655;[5716145, 7965930, 6550419, 6821850, 4946293]
4653789;[10610076, 3157478, 7899682, 6466185, 3401052]
4660561;[10610076, 3157478, 6466185, 7899682, 4586362]
4724487;[9704180, 11574569, 11446957, 8914586, 5403795]
5916873;[10610076, 3157478, 7899682, 9281148, 11671069]
6182956;[10610076, 8914586, 11671069, 9424669, 3157478]
6365094;[10610076, 8914586, 11671069, 3157478, 9424669]
7267483;[10610076, 3157478, 7899682, 5453054, 11671069]
7306498;[6821850, 7965930, 5716145, 5882420, 6989390]
7788785;[6821850, 7965930, 11446957, 9704180, 8914586]
529727;[10610076, 10322302, 5721324, 7899682, 3157478]
697940;[6772394, 8837107, 9832027, 10322302, 10610076]
797895;[10610076, 3157478, 7899682, 10322302, 6466185]
829916;[10610076, 3157478, 7899682, 10322302, 6466185]
848498;[10610076, 10322302, 6772394, 4586362, 3157478]
874735;[10610076, 3157478, 7899682, 10322302, 6466185]
910268;[6821850, 7965930, 8837107, 6772394, 4293510]
1010739;[6821850, 7965930, 5882420, 8837107, 2505033]
1039324;[10610076, 3157478, 7899682, 10322302, 6466185]
1169362;[6821850, 7965930, 5882420, 6989390, 5716145]
1175945;[9704180, 8914586, 5403795, 11446957, 11574569]
1254630;[10322302, 6772394, 10610076, 4586362, 5721324]
1257997;[10610076, 3157478, 7899682, 10322302, 9281148]
1277221;[6821850, 6772394, 7965930, 8837107, 4293510]
1282663;[6821850, 7965930, 8837107, 6772394, 4293510]
1364352;[6821850, 7965930, 5716145, 5882420, 6989390]
1364430;[6772394, 8837107, 10322302, 4586362, 9832027]
1441618;[6772394, 8837107, 4293510, 8612305, 9832027]
1467906;[6821850, 7965930, 6772394, 8837107, 4293510]
1521734;[10610076, 10322302, 7899682, 6733544, 6201563]
1547857;[10610076, 10322302, 4586362, 3157478, 6466185]
1652534;[10610076, 3157478, 6466185, 7899682, 4586362]
1710653;[10610076, 3157478, 7899682, 10322302, 6466185]
1726366;[10610076, 10322302, 3157478, 6772394, 4586362]
1777701;[6772394, 6821850, 8837107, 4293510, 8612305]
1793757;[6772394, 8837107, 4293510, 8612305, 9832027]
1804286;[10610076, 3157478, 6466185, 4586362, 5453054]
1921648;[10610076, 3157478, 7899682, 6466185, 10322302]
2050756;[7965930, 5716145, 6821850, 6550419, 6989390]
2131527;[6821850, 6772394, 8837107, 4293510, 7965930]
2142391;[6772394, 10322302, 8837107, 9832027, 5721324]
2191537;[8914586, 9424669, 2919503, 2571676, 11446957]
2207088;[10610076, 3157478, 6466185, 4586362, 10322302]
2208534;[10610076, 3157478, 7899682, 5453054, 3401052]
2213599;[10610076, 11671069, 5721324, 10322302, 6174426]
2349486;[10610076, 3157478, 5453054, 3401052, 7899682]
2392816;[6772394, 10610076, 8837107, 5721324, 9832027]
2407005;[10610076, 3157478, 7899682, 10322302, 6466185]
2412082;[6821850, 6772394, 8837107, 7965930, 4293510]
2513926;[10322302, 6772394, 10610076, 4586362, 8837107]
2554976;[10610076, 3157478, 7899682, 11671069, 10322302]
2610270;[10610076, 3157478, 7899682, 5453054, 3401052]
2619159;[10610076, 3157478, 7899682, 11671069, 9281148]
2798539;[6821850, 7965930, 5716145, 5882420, 6550419]
3306332;[6821850, 7965930, 11446957, 8914586, 9704180]
3510103;[6772394, 8837107, 4586362, 9832027, 10610076]
4407605;[7965930, 6821850, 5716145, 6550419, 5882420]
181587;[10610076, 3157478, 7899682, 10322302, 9281148]
309587;[6821850, 7965930, 5882420, 5716145, 5496816]
4724487;[6821850, 7965930, 5716145, 5882420, 6989390]
4741780;[10610076, 3157478, 10322302, 7899682, 4586362]
1726366;[5716145, 7965930, 6550419, 6821850, 4946293]
2120788;[10610076, 11671069, 3157478, 8914586, 9281148]
2490778;[6821850, 7965930, 8837107, 5882420, 4968343]
3133152;[6772394, 8837107, 9832027, 5721324, 9424669]
4114697;[7965930, 6821850, 5716145, 6550419, 5882420]
309587;[6821850, 7965930, 5716145, 5882420, 6550419]
456647;[6772394, 8837107, 9832027, 5721324, 4293510]
4502738;[8914586, 11446957, 6821850, 7017751, 9704180]
4605054;[9424669, 8837107, 6821850, 2571676, 8914586]
4660561;[6821850, 7965930, 5716145, 5882420, 6550419]
4724487;[9424669, 8837107, 8914586, 6772394, 2571676]
4735988;[10610076, 8914586, 5077573, 3157478, 9424669]
4741780;[6821850, 9424669, 8914586, 8837107, 2505033]
4848800;[6821850, 7965930, 8837107, 6772394, 4293510]
5208280;[10610076, 3157478, 7899682, 5453054, 3401052]
8305905;[6821850, 7965930, 9704180, 5716145, 4946293]
848498;[5716145, 7965930, 6550419, 4946293, 6989390]
1400419;[10610076, 3157478, 7899682, 6466185, 3401052]
1726366;[10610076, 10322302, 4586362, 3157478, 6466185]
1885305;[10610076, 10322302, 3157478, 4586362, 6466185]
1963839;[6821850, 5716145, 7965930, 6550419, 4946293]
2513926;[7965930, 6821850, 5716145, 6550419, 5882420]
3706712;[6772394, 8837107, 4293510, 8612305, 5485394]
4050171;[10610076, 3157478, 7899682, 9281148, 11671069]
4068301;[6821850, 9704180, 8914586, 11446957, 7965930]
456647;[6821850, 7965930, 6772394, 8837107, 4293510]
6345170;[7965930, 6821850, 5716145, 6550419, 5882420]
6717323;[6821850, 7965930, 5716145, 5882420, 6550419]
1965500;[6821850, 7965930, 5882420, 5716145, 6145729]
3835875;[8914586, 11671069, 7017751, 10610076, 6174426]
456647;[10610076, 3157478, 9424669, 5721324, 8914586]
4605054;[6821850, 7965930, 8837107, 4968343, 2505033]
4724487;[6772394, 8837107, 4293510, 8612305, 9832027]
6003060;[6821850, 8837107, 6772394, 4293510, 7965930]
529727;[10610076, 9424669, 8914586, 5721324, 11671069]
2120788;[10610076, 10322302, 4586362, 6772394, 3157478]
2191537;[9704180, 8914586, 11574569, 11446957, 5403795]
2490778;[6821850, 7965930, 8837107, 6772394, 4293510]
456647;[10610076, 5453054, 3157478, 8914586, 5077573]
4724487;[6772394, 8837107, 4293510, 6821850, 8612305]
4735988;[10610076, 3157478, 7899682, 10322302, 6466185]
5565245;[10610076, 3157478, 7899682, 5453054, 3401052]
848498;[10610076, 3157478, 6466185, 4586362, 3401052]
1726366;[6821850, 7965930, 5882420, 6145729, 8837107]
456647;[10610076, 6772394, 10322302, 4586362, 6466185]
4724487;[6821850, 7965930, 5716145, 6550419, 5882420]
529727;[6821850, 7965930, 5716145, 5882420, 6989390]
456647;[10610076, 3157478, 7899682, 10322302, 11671069]
4605054;[10610076, 3157478, 5453054, 6466185, 3401052]
4724487;[6821850, 8914586, 9704180, 9424669, 11446957]
4755090;[7965930, 6821850, 5716145, 6550419, 5882420]
529727;[10322302, 10610076, 6733544, 4586362, 3268063]
1726366;[10610076, 3157478, 7899682, 10322302, 6466185]
2120788;[6772394, 8837107, 4586362, 10322302, 10610076]
2337941;[6821850, 7965930, 5882420, 5716145, 6145729]
2514331;[10610076, 3157478, 6466185, 7899682, 3401052]
456647;[10610076, 3157478, 7899682, 5453054, 3401052]
4605054;[10610076, 6772394, 10322302, 4586362, 3157478]
4724487;[9704180, 8914586, 11446957, 5403795, 11574569]
529727;[6821850, 7965930, 5716145, 5882420, 6550419]
1169362;[10610076, 3157478, 10322302, 6466185, 5721324]
1726366;[6821850, 7965930, 5882420, 8837107, 4968343]
2120788;[6772394, 4586362, 10610076, 6466185, 8837107]
456647;[6821850, 7965930, 5716145, 6550419, 4946293]
4612655;[10610076, 8914586, 5077573, 3157478, 11671069]
4724487;[10610076, 3157478, 10322302, 7899682, 5721324]
4735988;[9704180, 11574569, 4946293, 11446957, 5403795]
5565245;[10610076, 4586362, 6466185, 6772394, 8837107]
6003060;[6772394, 8837107, 4293510, 8612305, 9832027]
529727;[10610076, 3157478, 5453054, 7899682, 3401052]
1169362;[6772394, 8837107, 9832027, 4293510, 8612305]
1726366;[10610076, 3157478, 11671069, 8914586, 5721324]
1759089;[8914586, 10610076, 5077573, 9424669, 11671069]
2490778;[10610076, 3157478, 6466185, 4586362, 10322302]
2513926;[6821850, 8837107, 6772394, 4293510, 7965930]
456647;[8914586, 10610076, 5077573, 11671069, 9424669]
4724487;[10610076, 3157478, 10322302, 4586362, 6466185]
4803947;[6821850, 7965930, 5716145, 5882420, 5496816]
6003060;[10610076, 10322302, 3157478, 7899682, 4586362]
6151216;[9704180, 8914586, 5403795, 8045114, 11574569]
529727;[4586362, 6772394, 6466185, 8837107, 10322302]
848498;[4586362, 6466185, 10610076, 6772394, 10322302]
1169362;[10610076, 3157478, 6466185, 5453054, 7899682]
1361554;[5716145, 7965930, 6821850, 6550419, 4946293]
1401370;[6821850, 6772394, 8837107, 4293510, 8612305]
1726366;[6772394, 8837107, 6821850, 4293510, 8612305]
2337941;[6821850, 8837107, 6772394, 4293510, 8612305]
456647;[10610076, 3157478, 11671069, 9281148, 8914586]
4724487;[7965930, 6821850, 5716145, 6550419, 6989390]
6003060;[8837107, 6772394, 4293510, 8612305, 9832027]
529727;[6821850, 7965930, 5716145, 5882420, 6989390]
945165;[8914586, 9704180, 5403795, 11446957, 11574569]
1169362;[10610076, 10322302, 6772394, 5721324, 4586362]
1726366;[6821850, 7965930, 5716145, 5882420, 6550419]
1831756;[9704180, 6821850, 11574569, 11446957, 8914586]
2251479;[8914586, 9704180, 5077573, 5403795, 9424669]
2513926;[6821850, 7965930, 5716145, 5882420, 6550419]
3488110;[6821850, 7965930, 8837107, 4293510, 6772394]
456647;[8837107, 6772394, 9424669, 9832027, 2571676]
4724487;[6821850, 7965930, 5882420, 5716145, 6989390]
529727;[5716145, 7965930, 6550419, 4946293, 6989390]
1169362;[8837107, 9424669, 6821850, 2571676, 2505033]
1726366;[6772394, 8837107, 4293510, 8612305, 9832027]
1831756;[6821850, 7965930, 5716145, 5882420, 6989390]
456647;[10610076, 3157478, 7899682, 10322302, 11671069]
4724487;[10610076, 7899682, 3157478, 10322302, 9281148]
6003060;[10610076, 3157478, 10322302, 7899682, 6466185]
529727;[6772394, 10322302, 4586362, 10610076, 8837107]
1726366;[10610076, 3157478, 7899682, 6466185, 10322302]
1849232;[10610076, 10322302, 6772394, 5721324, 9832027]
1965500;[5716145, 7965930, 6550419, 6821850, 4946293]
2490778;[10610076, 3157478, 7899682, 6466185, 10322302]
456647;[10610076, 3157478, 6466185, 3401052, 7899682]
4724487;[10610076, 3157478, 10322302, 5721324, 7899682]
6003060;[10610076, 3157478, 10322302, 7899682, 6466185]
848498;[8914586, 9424669, 2919503, 11446957, 2571676]
945165;[10610076, 6772394, 5721324, 8837107, 10322302]
1169362;[9704180, 11574569, 11446957, 5403795, 8914586]
1726366;[6821850, 8837107, 2505033, 6772394, 4293510]
2392816;[8914586, 9704180, 11446957, 5403795, 11574569]
2513926;[6772394, 8837107, 4293510, 8612305, 6821850]
456647;[5716145, 7965930, 6821850, 6550419, 4946293]
4724487;[6772394, 10322302, 8837107, 10610076, 4586362]
5565245;[6821850, 7965930, 5716145, 5882420, 5496816]
6003060;[6821850, 7965930, 5716145, 6550419, 5882420]
529727;[6772394, 8837107, 4293510, 8612305, 5485394]
848498;[6772394, 8837107, 4586362, 10322302, 9832027]
1169362;[6772394, 10322302, 8837107, 9832027, 4293510]
1793757;[10610076, 3157478, 7899682, 10322302, 9281148]
456647;[5716145, 7965930, 6821850, 6989390, 6550419]
4612655;[10610076, 3157478, 4586362, 10322302, 6466185]
4724487;[4586362, 6772394, 10322302, 6466185, 3323816]
5208280;[6821850, 7965930, 5716145, 5882420, 6550419]
6003060;[10610076, 3157478, 5453054, 7899682, 6466185]
6151216;[10610076, 3157478, 5721324, 10322302, 11671069]
529727;[10610076, 3157478, 10322302, 7899682, 6466185]
945165;[10610076, 6466185, 4586362, 3157478, 3401052]
1394804;[6772394, 10322302, 4586362, 8837107, 2721089]
2130659;[10610076, 3157478, 5453054, 7899682, 3401052]
2213599;[6772394, 8837107, 9832027, 4293510, 8612305]
456647;[6772394, 8837107, 4293510, 8612305, 9832027]
4711945;[9424669, 8914586, 2571676, 2919503, 8837107]
4724487;[5716145, 7965930, 6821850, 6550419, 4946293]
5565245;[10610076, 10322302, 4586362, 3157478, 7899682]
6003060;[6772394, 8837107, 10322302, 4293510, 9832027]
6023643;[10610076, 9424669, 8914586, 5721324, 11671069]
7452779;[10610076, 3157478, 7899682, 11671069, 9281148]
7758840;[8914586, 6821850, 9424669, 9704180, 11446957]
8305905;[10610076, 7899682, 3157478, 3268063, 10322302]
529727;[6821850, 7965930, 6772394, 8837107, 4293510]
945165;[8837107, 6772394, 6821850, 4293510, 8612305]
1091452;[10610076, 8914586, 9424669, 3157478, 5077573]
1169362;[10610076, 6772394, 10322302, 4586362, 5721324]
1254630;[10610076, 3157478, 7899682, 6466185, 3401052]
1401370;[5716145, 6550419, 4946293, 7965930, 6989390]
1593490;[6821850, 7965930, 9704180, 5716145, 11446957]
1831756;[10610076, 3157478, 8914586, 9424669, 5721324]
1857173;[10610076, 10322302, 4586362, 6466185, 3157478]
1942935;[6821850, 7965930, 8837107, 6772394, 4293510]
1962623;[10610076, 3157478, 8914586, 5077573, 11671069]
2213599;[6772394, 8837107, 9832027, 5721324, 10610076]
2938253;[6772394, 8837107, 9424669, 9832027, 5721324]
3302857;[10610076, 10322302, 5721324, 6772394, 3157478]
3706712;[10610076, 3157478, 9424669, 5721324, 5453054]
456647;[8914586, 10610076, 9424669, 11671069, 6174426]
4564911;[6821850, 7965930, 8837107, 4293510, 6772394]
4660561;[6821850, 8837107, 6772394, 4293510, 8612305]
4724487;[8914586, 11446957, 9424669, 5403795, 9704180]
4735988;[6772394, 8837107, 4293510, 8612305, 9832027]
4803947;[6821850, 6772394, 8837107, 4293510, 8612305]
4857159;[10610076, 3157478, 7899682, 6466185, 3401052]
5548401;[10610076, 3157478, 7899682, 10322302, 4586362]
6003060;[10610076, 9424669, 2571676, 5453054, 8914586]
6014936;[10610076, 3157478, 7899682, 6466185, 10322302]
7207147;[6772394, 8837107, 9832027, 4293510, 8612305]
529727;[6772394, 10322302, 8837107, 4586362, 10610076]
1197815;[10322302, 6772394, 4586362, 10610076, 6733544]
1286178;[10610076, 4586362, 10322302, 6466185, 6772394]
1427726;[6772394, 8837107, 4293510, 8612305, 9832027]
1611837;[10610076, 3157478, 5721324, 10322302, 9424669]
1653113;[5716145, 6821850, 7965930, 6550419, 4946293]
1793757;[6821850, 7965930, 8837107, 5882420, 4293510]
1965500;[7965930, 6821850, 5716145, 6550419, 6989390]
2049566;[10610076, 3157478, 7899682, 5453054, 6466185]
2130659;[6772394, 8837107, 4293510, 8612305, 9832027]
2392816;[10610076, 10322302, 4586362, 3157478, 6466185]
2513926;[10610076, 3157478, 7899682, 10322302, 6466185]
3190955;[6772394, 8837107, 9832027, 4293510, 8612305]
4050171;[5716145, 7965930, 6821850, 6550419, 4946293]
4368910;[10610076, 3157478, 6466185, 4586362, 10322302]
456647;[9424669, 8914586, 2571676, 5721324, 10610076]
4724487;[10610076, 3157478, 6466185, 5453054, 3401052]
529727;[6821850, 7965930, 5716145, 5882420, 6550419]
2213599;[6821850, 7965930, 8837107, 6772394, 4293510]
456647;[6821850, 7965930, 5716145, 6989390, 4946293]
4724487;[10610076, 6772394, 10322302, 5721324, 4586362]
6003060;[6821850, 6772394, 8837107, 4293510, 8612305]
529727;[10610076, 3157478, 7899682, 6466185, 10322302]
848498;[10610076, 3157478, 7899682, 10322302, 6466185]
2251479;[10610076, 10322302, 3157478, 7899682, 4586362]
456647;[6772394, 8837107, 4293510, 8612305, 9832027]
4724487;[10610076, 6772394, 10322302, 5721324, 4586362]
4735988;[10610076, 6772394, 10322302, 5721324, 4586362]
6003060;[10610076, 8914586, 9424669, 5721324, 11671069]
529727;[11671069, 10610076, 5721324, 8914586, 6174426]
848498;[8914586, 10610076, 11671069, 5077573, 6174426]
1400419;[10610076, 3157478, 5453054, 7899682, 6466185]
1793757;[10610076, 3157478, 7899682, 6466185, 3401052]
1827103;[6772394, 8837107, 4293510, 5485394, 8612305]
2071557;[10610076, 10322302, 3157478, 4586362, 7899682]
2513926;[10610076, 3157478, 10322302, 7899682, 4586362]
456647;[10610076, 3157478, 10322302, 7899682, 6466185]
4724487;[10610076, 3157478, 10322302, 7899682, 11671069]
4803947;[7965930, 6821850, 5716145, 5882420, 6550419]
5417232;[6821850, 7965930, 8837107, 6772394, 4293510]
5565245;[10610076, 10322302, 4586362, 6466185, 6772394]
6003060;[6821850, 7965930, 8837107, 4968343, 5882420]
529727;[6772394, 8837107, 4293510, 6821850, 8612305]
848498;[10610076, 3157478, 10322302, 4586362, 6466185]
2213599;[6821850, 7965930, 8837107, 2505033, 4968343]
2513926;[6772394, 8837107, 6821850, 4293510, 8612305]
3264412;[10610076, 3157478, 11671069, 8914586, 5721324]
3706712;[10610076, 3157478, 7899682, 10322302, 9281148]
4407605;[6772394, 8837107, 9832027, 4293510, 8612305]
456647;[10610076, 10322302, 4586362, 3157478, 7899682]
4724487;[10322302, 10610076, 6772394, 4586362, 5721324]
529727;[10610076, 10322302, 3157478, 4586362, 5721324]
56285;[8914586, 10610076, 5077573, 5403795, 11671069]
4612655;[8914586, 9704180, 9424669, 5403795, 11446957]
4724487;[10610076, 3157478, 7899682, 5453054, 11671069]
6003060;[10610076, 11671069, 5721324, 3157478, 10322302]
7788785;[10610076, 3157478, 7899682, 6466185, 10322302]
848498;[7965930, 6821850, 5716145, 5882420, 6550419]
910268;[10610076, 3157478, 10322302, 6466185, 4586362]
1010739;[10610076, 3157478, 11671069, 8914586, 7899682]
1547857;[6772394, 8837107, 4586362, 10322302, 5485394]
1726366;[10610076, 3157478, 7899682, 5453054, 3401052]
1793757;[10610076, 11671069, 9281148, 5199602, 6174426]
1963839;[10610076, 3157478, 11671069, 8914586, 7899682]
1994922;[8914586, 10610076, 5077573, 9424669, 11671069]
2207088;[10610076, 10322302, 4586362, 6466185, 3157478]
2407005;[5716145, 7965930, 6821850, 6550419, 6989390]
4221031;[6772394, 8837107, 6821850, 4293510, 8612305]
56285;[10610076, 8914586, 11671069, 5077573, 3157478]
4724487;[6772394, 9424669, 8837107, 5721324, 9832027]
967713;[10610076, 9424669, 5721324, 8914586, 3157478]
1793757;[10610076, 3157478, 7899682, 6466185, 3401052]
56285;[6821850, 7965930, 5716145, 5882420, 6989390]
4711945;[9704180, 11574569, 8914586, 5403795, 11446957]
4724487;[7965930, 6821850, 5716145, 6550419, 5882420]
972483;[10610076, 11671069, 3157478, 5721324, 8914586]
1793757;[10610076, 8914586, 11671069, 3157478, 9424669]
1986520;[10610076, 3157478, 8914586, 5077573, 11671069]
2392816;[6821850, 7965930, 5882420, 5716145, 6145729]
3706712;[5716145, 6821850, 7965930, 6550419, 4946293]
4502738;[9704180, 11574569, 8914586, 11446957, 5403795]
4502738;[6821850, 7965930, 5716145, 6550419, 5882420]
4724487;[7965930, 5716145, 6821850, 6550419, 6989390]
788336;[10610076, 3157478, 6466185, 5453054, 4586362]
1726366;[7965930, 6821850, 5716145, 6550419, 5882420]
2120788;[10610076, 3157478, 5453054, 8914586, 5077573]
4561926;[6821850, 7965930, 9704180, 11446957, 8914586]
4724487;[6821850, 7965930, 5716145, 6550419, 5882420]
4737473;[8914586, 11446957, 9424669, 7017751, 5403795]
829916;[5716145, 4946293, 6550419, 7965930, 6821850]
967713;[5716145, 6550419, 4946293, 7965930, 6989390]
1047265;[6772394, 8837107, 9832027, 8612305, 4293510]
1254630;[5716145, 7965930, 6821850, 6550419, 4946293]
1364352;[10610076, 3157478, 11671069, 7899682, 8914586]
1547857;[6772394, 8837107, 4293510, 8612305, 9832027]
1726366;[8914586, 5077573, 5403795, 9704180, 8233288]
1804286;[6821850, 7965930, 9704180, 11446957, 8914586]
1885305;[6821850, 8837107, 6772394, 4293510, 7965930]
2208534;[6821850, 7965930, 5716145, 5882420, 6550419]
2349486;[7965930, 6821850, 5716145, 6989390, 6550419]
2590193;[10610076, 3157478, 7899682, 6466185, 10322302]
2798539;[10610076, 3157478, 5721324, 9424669, 11671069]
3306332;[6772394, 8837107, 4293510, 6821850, 8612305]
4182322;[6821850, 7965930, 5716145, 5882420, 6989390]
4205046;[6821850, 7965930, 5716145, 5882420, 6989390]
4221031;[6821850, 9704180, 7965930, 11446957, 8914586]
4407605;[10610076, 3157478, 10322302, 4586362, 6466185]
4602802;[6772394, 8837107, 9832027, 9424669, 5721324]
4724487;[6772394, 8837107, 4586362, 10610076, 9832027]
4755090;[9424669, 6821850, 8837107, 8914586, 2919503]
5494836;[6821850, 7965930, 5716145, 5882420, 6550419]
5565245;[6821850, 7965930, 8837107, 4968343, 2505033]
6059470;[6821850, 7965930, 5882420, 5716145, 6145729]
6717323;[5716145, 7965930, 6550419, 6821850, 4946293]
1169362;[10610076, 3157478, 5453054, 6466185, 3401052]
1726366;[2571676, 9424669, 8914586, 2505033, 9704180]
2130659;[5716145, 7965930, 6821850, 6550419, 6989390]
2191537;[10610076, 8914586, 11671069, 6174426, 5199602]
2251479;[6772394, 8837107, 4293510, 8612305, 5485394]
3444838;[6821850, 9424669, 2571676, 8914586, 2505033]
4605054;[6772394, 8837107, 4293510, 8612305, 9832027]
1169362;[6821850, 7965930, 5882420, 8837107, 4293510]
1726366;[8914586, 5077573, 10610076, 5403795, 9704180]
2120788;[9704180, 11574569, 5403795, 8914586, 11446957]
4605054;[10610076, 10322302, 4586362, 6466185, 3157478]
4724487;[10610076, 9424669, 5721324, 6772394, 3157478]
5565245;[6821850, 6772394, 8837107, 4293510, 8612305]
6003060;[6821850, 7965930, 5716145, 6550419, 5882420]
945165;[6821850, 6772394, 8837107, 4293510, 8612305]
1726366;[6821850, 7965930, 5716145, 5882420, 6550419]
2392816;[6772394, 8837107, 10322302, 9832027, 10610076]
4605054;[6772394, 10610076, 10322302, 4586362, 6466185]
4724487;[10610076, 5721324, 6772394, 10322302, 9424669]
5565245;[10610076, 3157478, 10322302, 7899682, 5721324]
7452779;[10610076, 3157478, 7899682, 10322302, 6466185]
848498;[6821850, 7965930, 5716145, 5882420, 6989390]
945165;[6821850, 7965930, 5882420, 5716145, 6550419]
1726366;[6821850, 7965930, 5882420, 5438095, 6989390]
2120788;[6821850, 6772394, 8837107, 4293510, 7965930]
2131527;[6821850, 8837107, 6772394, 4293510, 8612305]
2191537;[6772394, 8837107, 4293510, 8612305, 9832027]
3133152;[8837107, 6772394, 9424669, 2571676, 2505033]
3323065;[6772394, 8837107, 4293510, 8612305, 9832027]
4605054;[6821850, 7965930, 5882420, 6145729, 5716145]
4641391;[8837107, 9424669, 6772394, 2571676, 2505033]
4660561;[10610076, 3157478, 10322302, 4586362, 6466185]
4724487;[6772394, 8837107, 10322302, 9832027, 4586362]
5565245;[6772394, 8837107, 4293510, 8612305, 5485394]
5716768;[10610076, 10322302, 6772394, 4586362, 3157478]
6003060;[5716145, 7965930, 6821850, 6550419, 6989390]
529727;[9704180, 4946293, 11574569, 5716145, 6550419]
1286178;[6821850, 7965930, 5716145, 5882420, 6550419]
1358011;[10610076, 3157478, 6466185, 4586362, 10322302]
1426613;[6772394, 8837107, 6821850, 4293510, 8612305]
1653113;[10610076, 3157478, 7899682, 6466185, 10322302]
2057205;[6821850, 9424669, 8837107, 8914586, 2919503]
2120788;[10610076, 10322302, 4586362, 6466185, 3157478]
2130659;[10610076, 10322302, 3157478, 4586362, 6772394]
2191537;[10610076, 6466185, 3157478, 4586362, 4536005]
2250612;[10322302, 6772394, 6733544, 4586362, 10610076]
2490778;[10610076, 3157478, 7899682, 10322302, 9281148]
3444838;[6821850, 7965930, 5716145, 5882420, 6550419]
4605054;[10610076, 3157478, 6466185, 4586362, 10322302]
4724487;[10610076, 10322302, 6733544, 7899682, 6201563]
6003060;[6821850, 8837107, 7965930, 2505033, 9424669]
1726366;[6772394, 8837107, 5721324, 9832027, 4293510]
2120788;[10610076, 3157478, 7899682, 10322302, 11671069]
2490778;[6821850, 8837107, 6772394, 4293510, 8612305]
2569626;[6821850, 7965930, 5716145, 5882420, 6550419]
4444283;[10610076, 4586362, 6772394, 10322302, 6466185]
4605054;[6821850, 7965930, 5882420, 8837107, 2505033]
4724487;[5716145, 7965930, 6821850, 6550419, 6989390]
1726366;[10610076, 10322302, 4586362, 6466185, 7899682]
2120788;[6821850, 6772394, 8837107, 4293510, 7965930]
2250612;[6821850, 7965930, 8837107, 6772394, 4293510]
4612655;[5716145, 4946293, 6550419, 7965930, 6821850]
4724487;[6821850, 7965930, 5882420, 8837107, 5438095]
5565245;[6772394, 10322302, 4586362, 10610076, 8837107]
6003060;[6772394, 10322302, 4586362, 10610076, 8837107]
529727;[6821850, 7965930, 5716145, 6989390, 5882420]
793063;[7965930, 6821850, 5716145, 6550419, 5882420]
1426613;[10610076, 3157478, 10322302, 4586362, 6466185]
1726366;[10610076, 3157478, 6466185, 7899682, 3401052]
1759089;[6821850, 7965930, 6145729, 8837107, 6772394]
2251479;[6821850, 7965930, 5716145, 5882420, 6550419]
2349486;[10610076, 3157478, 10322302, 4586362, 5721324]
2513926;[10610076, 10322302, 3157478, 5721324, 6772394]
3133152;[10610076, 3157478, 10322302, 7899682, 4586362]
3306332;[5716145, 6821850, 4946293, 7965930, 6550419]
3488110;[6772394, 8837107, 4293510, 5485394, 8612305]
3706712;[6821850, 7965930, 9704180, 5716145, 11446957]
4645166;[10610076, 3157478, 5453054, 3401052, 5077573]
4724487;[10610076, 3157478, 10322302, 7899682, 5721324]
2131527;[10610076, 3157478, 11671069, 7899682, 9281148]
4724487;[6821850, 7965930, 6772394, 8837107, 4293510]
5527182;[10610076, 4586362, 10322302, 6466185, 6772394]
5735170;[6821850, 8837107, 7965930, 6772394, 4293510]
6069390;[6821850, 7965930, 5716145, 6989390, 5882420]
7358973;[10610076, 3157478, 5721324, 10322302, 9424669]
740168;[6821850, 7965930, 5882420, 5716145, 9704180]
967713;[10610076, 3157478, 7899682, 3401052, 5453054]
1726366;[7965930, 6821850, 5716145, 6550419, 5882420]
1963839;[10610076, 3157478, 10322302, 4586362, 6466185]
4724487;[6821850, 7965930, 5882420, 8837107, 4968343]
4803947;[6821850, 8837107, 2505033, 6772394, 4293510]
5806876;[10610076, 3157478, 10322302, 4586362, 6466185]
7767038;[6821850, 7965930, 5882420, 5716145, 6145729]
1169362;[10610076, 10322302, 6772394, 4586362, 5721324]
1705936;[6821850, 8837107, 6772394, 7965930, 4293510]
2131527;[10610076, 3157478, 6466185, 7899682, 4586362]
2412082;[6821850, 7965930, 5716145, 6550419, 5882420]
2490778;[10610076, 3157478, 10322302, 7899682, 5721324]
3531472;[8914586, 9424669, 2919503, 8837107, 2571676]
4068301;[6772394, 6821850, 8837107, 4293510, 8612305]
4724487;[6821850, 8837107, 2505033, 6772394, 2571676]
1137532;[10610076, 5721324, 6772394, 9424669, 10322302]
2490778;[10610076, 10322302, 3157478, 7899682, 4586362]
4096536;[6821850, 7965930, 5882420, 5716145, 8837107]
4724487;[5716145, 7965930, 6550419, 6821850, 4946293]
4803947;[10610076, 9424669, 5721324, 6772394, 9832027]
6003060;[6772394, 8837107, 9832027, 4293510, 8612305]
6484170;[6821850, 8837107, 6772394, 7965930, 4293510]
2120788;[10610076, 3157478, 10322302, 5721324, 7899682]
2250612;[5716145, 6550419, 7965930, 4946293, 6821850]
2490778;[6772394, 8837107, 4293510, 5485394, 8612305]
4724487;[8914586, 9424669, 10610076, 5077573, 11671069]
1726366;[6772394, 8837107, 9832027, 4293510, 8612305]
2213599;[10610076, 10322302, 4586362, 3157478, 7899682]
2490778;[10610076, 3157478, 7899682, 9281148, 10322302]
4724487;[6821850, 7965930, 5716145, 5882420, 6550419]
1726366;[7965930, 5716145, 6821850, 6550419, 6989390]
4724487;[10610076, 7899682, 10322302, 3157478, 4586362]
1726366;[5716145, 6821850, 7965930, 6550419, 4946293]
2337941;[6772394, 8837107, 4586362, 5485394, 4293510]
4724487;[6821850, 7965930, 2505033, 5882420, 8837107]
1726366;[6821850, 7965930, 5882420, 8837107, 6145729]
1965500;[6821850, 7965930, 5716145, 5882420, 6550419]
2513926;[10610076, 7899682, 3157478, 10322302, 3268063]
4724487;[10610076, 9424669, 6772394, 8837107, 5721324]
6370313;[10610076, 3157478, 7899682, 10322302, 6466185]
1726366;[10610076, 7899682, 3157478, 10322302, 3268063]
4498206;[6821850, 7965930, 5882420, 5438095, 6989390]
4724487;[6821850, 7965930, 5716145, 5882420, 6550419]
6003060;[6821850, 8837107, 7965930, 6772394, 4293510]
1726366;[6772394, 8837107, 10322302, 4586362, 10610076]
4724487;[10610076, 3157478, 7899682, 6466185, 10322302]
1726366;[10610076, 6466185, 3157478, 4536005, 3401052]
4724487;[6821850, 7965930, 5716145, 5882420, 6550419]
848498;[6821850, 6772394, 8837107, 4293510, 8612305]
1726366;[6821850, 7965930, 5882420, 5716145, 6145729]
4724487;[10610076, 10322302, 4586362, 6466185, 3157478]
1726366;[5716145, 7965930, 6821850, 6550419, 6989390]
4724487;[6821850, 7965930, 5716145, 5882420, 6550419]
529727;[6821850, 7965930, 5716145, 5882420, 6550419]
848498;[9704180, 11574569, 8914586, 5403795, 11446957]
884627;[10610076, 10322302, 4586362, 6772394, 3157478]
909080;[5716145, 7965930, 6821850, 6989390, 6550419]
1467906;[7965930, 6821850, 5716145, 6550419, 4946293]
1726366;[10610076, 6772394, 10322302, 5721324, 4586362]
1994922;[6821850, 2505033, 7965930, 9424669, 8837107]
2130659;[4586362, 10322302, 6466185, 6733544, 6772394]
4724487;[10610076, 9424669, 5721324, 3157478, 8914586]
4735988;[6772394, 8837107, 9832027, 8612305, 4293510]
6003060;[8837107, 6772394, 6821850, 4293510, 8612305]
529727;[6821850, 7965930, 8837107, 6772394, 4293510]
1726366;[6821850, 7965930, 8837107, 5882420, 6772394]
2337941;[6821850, 7965930, 5716145, 5882420, 6989390]
4724487;[6772394, 6821850, 8837107, 4293510, 8612305]
4735988;[8914586, 9424669, 2919503, 5721324, 11671069]
7374173;[7965930, 6821850, 5716145, 6550419, 6989390]
667246;[8914586, 9704180, 5403795, 9424669, 5077573]
848498;[6772394, 8837107, 4586362, 10610076, 6466185]
1705936;[6772394, 8837107, 4293510, 8612305, 5485394]
1726366;[6821850, 8837107, 6772394, 7965930, 4293510]
1742015;[5716145, 6550419, 4946293, 7965930, 6821850]
1963839;[6821850, 7965930, 5716145, 6550419, 4946293]
2130659;[6821850, 8837107, 6772394, 4293510, 8612305]
2513926;[7965930, 6821850, 5716145, 6550419, 6989390]
2888309;[8837107, 6772394, 6821850, 2505033, 9424669]
4724487;[5716145, 6550419, 4946293, 7965930, 6821850]
6003060;[6772394, 8837107, 10322302, 9832027, 4293510]
529727;[10610076, 3157478, 7899682, 10322302, 6466185]
848498;[5716145, 7965930, 6550419, 4946293, 6989390]
945165;[10610076, 3157478, 6466185, 4586362, 5453054]
1169362;[5716145, 6550419, 7965930, 4946293, 6989390]
1726366;[6821850, 7965930, 5882420, 6145729, 5438095]
4724487;[10610076, 6466185, 4586362, 3157478, 5453054]
6003060;[5716145, 7965930, 6550419, 4946293, 6989390]
848498;[6772394, 6821850, 8837107, 4293510, 8612305]
1726366;[8914586, 10610076, 5077573, 9424669, 2571676]
2104892;[6821850, 7965930, 5716145, 5882420, 6550419]
4724487;[5716145, 7965930, 6821850, 6989390, 6550419]
6003060;[8914586, 9424669, 11671069, 2919503, 5077573]
848498;[6821850, 6772394, 8837107, 7965930, 4293510]
1726366;[10610076, 3157478, 7899682, 10322302, 6466185]
4724487;[10610076, 3157478, 7899682, 6466185, 10322302]
848498;[6772394, 8837107, 4586362, 5485394, 8612305]
4724487;[10610076, 3157478, 6466185, 4536005, 4586362]
6003060;[6772394, 10322302, 4586362, 8837107, 2721089]
529727;[10610076, 3157478, 6466185, 4586362, 9424669]
1986520;[10610076, 3157478, 6466185, 10322302, 4586362]
4724487;[10610076, 6466185, 4586362, 3157478, 5453054]
6003060;[10610076, 6466185, 7899682, 3157478, 4586362]
529727;[10610076, 3157478, 10322302, 4586362, 6466185]
945165;[10610076, 3157478, 6466185, 10322302, 4586362]
4724487;[5716145, 6550419, 4946293, 7965930, 6821850]
6003060;[8837107, 6772394, 9424669, 9832027, 4293510]
6370313;[6772394, 8837107, 9832027, 8612305, 10322302]
848498;[7965930, 5716145, 6821850, 6550419, 6989390]
1426613;[9704180, 11574569, 11446957, 6821850, 4946293]
2251479;[6821850, 7965930, 5716145, 6989390, 5882420]
4724487;[6772394, 8837107, 6821850, 4293510, 8612305]
6003060;[10610076, 4586362, 6466185, 3157478, 10322302]
529727;[7965930, 6821850, 5716145, 6550419, 5882420]
848498;[7965930, 6821850, 5716145, 6550419, 5882420]
4724487;[6821850, 7965930, 5882420, 6145729, 8837107]
4724487;[6821850, 8837107, 6772394, 4293510, 7965930]
848498;[6772394, 8837107, 4293510, 8612305, 9832027]
1705936;[6821850, 7965930, 5882420, 8837107, 6145729]
4724487;[6772394, 8837107, 6821850, 4293510, 8612305]
6003060;[10610076, 5453054, 5782108, 6466185, 1260679]
529727;[5716145, 6989390, 4946293, 7965930, 6821850]
945165;[6772394, 8837107, 6821850, 4293510, 8612305]
1426613;[10610076, 4586362, 10322302, 6466185, 3157478]
3145028;[6821850, 6772394, 7965930, 8837107, 4293510]
4012433;[6772394, 8837107, 4293510, 8612305, 5485394]
4407605;[6821850, 5716145, 7965930, 4946293, 6550419]
4724487;[7965930, 6821850, 5716145, 6550419, 5882420]
529727;[6821850, 7965930, 5882420, 5716145, 6145729]
4724487;[10322302, 10610076, 4586362, 6772394, 6466185]
6003060;[7965930, 6821850, 5716145, 6550419, 5882420]
529727;[8837107, 6772394, 4293510, 8612305, 9832027]
8079880;[7965930, 6821850, 5716145, 6550419, 5882420]
1726366;[6821850, 7965930, 6772394, 8837107, 5438095]
1726366;[10610076, 10322302, 3157478, 4586362, 7899682]
1883885;[6821850, 7965930, 5716145, 5882420, 6550419]
2141158;[10610076, 10322302, 4586362, 6772394, 6466185]
2250612;[10610076, 3157478, 6466185, 4586362, 10322302]
2349486;[6821850, 7965930, 5882420, 5716145, 6989390]
1726366;[6821850, 7965930, 5882420, 5716145, 6145729]
1726366;[4586362, 6772394, 10610076, 6466185, 10322302]
2490778;[10610076, 3157478, 10322302, 7899682, 4586362]
102390;[5716145, 7965930, 6550419, 4946293, 6989390]
6092168;[6821850, 7965930, 5882420, 6145729, 5438095]
1143656;[6821850, 7965930, 5882420, 6145729, 5716145]
1621726;[6772394, 4586362, 6466185, 8837107, 10610076]
3066137;[10610076, 10322302, 4586362, 6772394, 6466185]
6263223;[6772394, 6821850, 8837107, 4293510, 8612305]
688329;[6772394, 8837107, 4586362, 4293510, 5485394]
699038;[10610076, 6772394, 5721324, 10322302, 3157478]
796250;[6821850, 7965930, 8837107, 6772394, 4293510]
1148867;[6821850, 7965930, 5882420, 5716145, 6145729]
1509808;[6772394, 8837107, 4293510, 8612305, 10322302]
1805672;[6821850, 7965930, 5716145, 5882420, 6550419]
2163663;[6772394, 8837107, 4293510, 8612305, 6821850]
3093677;[6821850, 7965930, 8837107, 6772394, 4293510]
3562236;[10610076, 3157478, 5721324, 9424669, 10322302]
102390;[6821850, 8837107, 6772394, 4293510, 8612305]
53836;[6821850, 7965930, 5716145, 5882420, 6550419]
4791441;[6821850, 7965930, 5716145, 6550419, 5882420]
5260429;[6821850, 7965930, 5716145, 5882420, 6145729]
5431916;[10610076, 3157478, 5721324, 10322302, 6772394]
5827747;[10610076, 6772394, 10322302, 4586362, 8837107]
6159354;[6772394, 8837107, 4293510, 8612305, 5485394]
6365094;[6772394, 8837107, 4293510, 8612305, 5485394]
6993884;[6821850, 7965930, 8837107, 6772394, 4293510]
7273075;[6821850, 7965930, 5716145, 5882420, 6989390]
8351371;[9424669, 2571676, 10610076, 8837107, 5453054]
694451;[6821850, 7965930, 5716145, 5882420, 6550419]
1103092;[10610076, 10322302, 6772394, 4586362, 3157478]
1654723;[9704180, 8914586, 11574569, 11446957, 5403795]
4402416;[10610076, 6466185, 3157478, 4586362, 3401052]
102390;[10610076, 3157478, 5453054, 6466185, 3401052]
5260429;[6821850, 7965930, 5716145, 6989390, 5882420]
3673972;[6821850, 6772394, 8837107, 4293510, 8612305]
102390;[5716145, 7965930, 6550419, 6821850, 6989390]
102390;[10610076, 3157478, 9424669, 5453054, 5721324]
4747631;[5716145, 7965930, 6821850, 6550419, 4946293]
5460476;[7965930, 6821850, 5716145, 6550419, 5882420]
933769;[10610076, 7899682, 3157478, 6466185, 3268063]
1022782;[5716145, 7965930, 6550419, 6821850, 4946293]
5260429;[7965930, 5716145, 6821850, 6550419, 6989390]
7273075;[7965930, 5716145, 6821850, 6550419, 6989390]
933769;[5716145, 7965930, 6821850, 6550419, 6989390]
1730150;[10610076, 4586362, 6772394, 6466185, 8837107]
8351371;[10610076, 3157478, 9424669, 5721324, 8914586]
102390;[7965930, 6821850, 5716145, 6989390, 5882420]
5311189;[6772394, 8837107, 9424669, 9832027, 5721324]
