user,ndcg@5,precision@5,MAP
8139,0.0,0.0,0.0
8334,0.0,0.0,0.0
8945,0.0,0.0,0.0
10907,0.0,0.0,0.0
16056,0.0,0.0,0.0
17420,0.0,0.0,0.0
19705,0.0,0.0,0.0
21565,0.0,0.0,0.0
22848,0.0,0.0,0.0
23131,0.0,0.0,0.0
24454,0.0,0.0,0.0
26127,0.0,0.0,0.0
28181,0.0,0.0,0.0
28408,0.0,0.0,0.0
29104,0.0,0.0,0.0
31108,0.0,0.0,0.0
31145,0.0,0.0,0.0
33494,0.0,0.0,0.0
33875,0.0,0.0,0.0
34241,0.0,0.0,0.0
34330,0.0,0.0,0.0
38218,0.0,0.0,0.0
39215,0.0,0.0,0.0
39488,0.0,0.0,0.0
39792,1.0,0.2,0.5208333333333333
41601,0.0,0.0,0.0
41756,0.0,0.0,0.0
45845,0.0,0.0,0.0
48453,0.0,0.0,0.0
52012,0.0,0.0,0.0
52015,0.0,0.0,0.0
53134,0.0,0.0,0.0
53836,0.5,0.2,0.14583333333333331
54361,0.0,0.0,0.0
56285,0.0,0.0,0.0
56819,0.0,0.0,0.0
59392,0.0,0.0,0.0
59504,0.0,0.0,0.0
60198,0.0,0.0,0.0
60308,0.0,0.0,0.0
65145,0.0,0.0,0.0
67319,0.0,0.0,0.0
67511,0.0,0.0,0.0
69747,0.0,0.0,0.0
70331,0.0,0.0,0.0
70720,0.0,0.0,0.0
71028,0.0,0.0,0.0
71283,0.0,0.0,0.0
71447,0.0,0.0,0.0
71585,0.0,0.0,0.0
73257,0.0,0.0,0.0
73798,0.0,0.0,0.0
76157,0.0,0.0,0.0
76957,0.0,0.0,0.0
77475,0.0,0.0,0.0
77519,0.0,0.0,0.0
78318,0.0,0.0,0.0
78998,0.0,0.0,0.0
79717,0.0,0.0,0.0
81430,0.0,0.0,0.0
82713,0.0,0.0,0.0
83549,0.0,0.0,0.0
83970,0.0,0.0,0.0
84856,0.0,0.0,0.0
85191,0.0,0.0,0.0
85459,0.0,0.0,0.0
85828,0.0,0.0,0.0
86346,0.0,0.0,0.0
87549,0.0,0.0,0.0
89344,0.0,0.0,0.0
89809,0.0,0.0,0.0
94096,0.0,0.0,0.0
95213,0.0,0.0,0.0
95591,0.0,0.0,0.0
96601,0.0,0.0,0.0
97511,0.0,0.0,0.0
99093,0.0,0.0,0.0
99111,0.0,0.0,0.0
102390,0.0,0.0,0.0
103540,0.0,0.0,0.0
106156,0.0,0.0,0.0
107767,0.0,0.0,0.0
110511,0.0,0.0,0.0
110537,0.0,0.0,0.0
113992,0.0,0.0,0.0
114650,0.0,0.0,0.0
115020,0.0,0.0,0.0
115557,0.0,0.0,0.0
117000,0.0,0.0,0.0
119525,0.0,0.0,0.0
120634,0.0,0.0,0.0
120783,0.0,0.0,0.0
122335,0.0,0.0,0.0
122361,0.0,0.0,0.0
122459,0.0,0.0,0.0
122618,0.0,0.0,0.0
123523,0.0,0.0,0.0
123804,0.0,0.0,0.0
124212,0.0,0.0,0.0
125915,0.0,0.0,0.0
126585,0.43067655807339306,0.2,0.0625
128129,0.0,0.0,0.0
132029,0.0,0.0,0.0
132239,0.0,0.0,0.0
133067,0.0,0.0,0.0
133441,0.0,0.0,0.0
133801,0.0,0.0,0.0
133999,0.6309297535714575,0.2,0.2708333333333333
134545,0.0,0.0,0.0
135235,0.0,0.0,0.0
135959,0.0,0.0,0.0
136909,0.0,0.0,0.0
137394,0.0,0.0,0.0
137861,0.0,0.0,0.0
137999,0.0,0.0,0.0
138314,0.0,0.0,0.0
138898,0.0,0.0,0.0
139310,0.0,0.0,0.0
141811,0.0,0.0,0.0
142830,0.0,0.0,0.0
144608,0.0,0.0,0.0
146971,0.0,0.0,0.0
147030,0.0,0.0,0.0
148978,0.0,0.0,0.0
148988,0.0,0.0,0.0
149387,0.0,0.0,0.0
150124,0.0,0.0,0.0
150206,0.0,0.0,0.0
151097,0.0,0.0,0.0
151419,0.0,0.0,0.0
151892,0.0,0.0,0.0
153648,0.0,0.0,0.0
153751,0.0,0.0,0.0
154074,0.0,0.0,0.0
155254,0.0,0.0,0.0
155341,0.0,0.0,0.0
155368,0.0,0.0,0.0
156982,0.0,0.0,0.0
158344,0.0,0.0,0.0
160493,0.0,0.0,0.0
161362,0.0,0.0,0.0
162675,0.0,0.0,0.0
162976,0.0,0.0,0.0
165431,0.0,0.0,0.0
166454,0.0,0.0,0.0
167396,0.0,0.0,0.0
168162,0.0,0.0,0.0
168323,0.0,0.0,0.0
168960,0.0,0.0,0.0
169110,0.0,0.0,0.0
169450,0.0,0.0,0.0
169601,0.0,0.0,0.0
169799,0.0,0.0,0.0
171384,0.0,0.0,0.0
172092,0.0,0.0,0.0
172759,0.0,0.0,0.0
172762,0.0,0.0,0.0
173397,0.0,0.0,0.0
173423,0.0,0.0,0.0
174196,0.0,0.0,0.0
177039,0.0,0.0,0.0
178744,0.0,0.0,0.0
179816,0.0,0.0,0.0
180046,0.0,0.0,0.0
181314,0.0,0.0,0.0
181408,0.0,0.0,0.0
181587,0.0,0.0,0.0
183574,0.0,0.0,0.0
185045,0.0,0.0,0.0
185068,0.0,0.0,0.0
186258,1.0,0.2,0.5208333333333333
186988,0.0,0.0,0.0
188500,0.0,0.0,0.0
188819,0.0,0.0,0.0
189979,0.0,0.0,0.0
191981,0.0,0.0,0.0
194014,0.0,0.0,0.0
194828,0.0,0.0,0.0
196185,0.0,0.0,0.0
196742,0.0,0.0,0.0
196956,0.0,0.0,0.0
197577,0.0,0.0,0.0
198740,0.0,0.0,0.0
199957,0.0,0.0,0.0
200648,0.0,0.0,0.0
201914,0.0,0.0,0.0
201940,0.0,0.0,0.0
202396,0.0,0.0,0.0
202470,0.0,0.0,0.0
202818,0.0,0.0,0.0
203368,0.0,0.0,0.0
204387,0.0,0.0,0.0
205120,0.0,0.0,0.0
205154,0.0,0.0,0.0
205586,0.0,0.0,0.0
206236,0.0,0.0,0.0
207495,0.0,0.0,0.0
208622,0.0,0.0,0.0
208848,0.0,0.0,0.0
209590,0.0,0.0,0.0
209762,0.0,0.0,0.0
210745,0.0,0.0,0.0
212294,0.0,0.0,0.0
212316,0.0,0.0,0.0
212845,0.0,0.0,0.0
213491,0.0,0.0,0.0
213589,0.0,0.0,0.0
215555,0.0,0.0,0.0
217750,0.0,0.0,0.0
218394,0.0,0.0,0.0
219313,0.0,0.0,0.0
219678,0.0,0.0,0.0
221490,0.0,0.0,0.0
223908,0.0,0.0,0.0
224601,0.0,0.0,0.0
228218,0.0,0.0,0.0
228420,0.0,0.0,0.0
230102,0.0,0.0,0.0
230875,0.0,0.0,0.0
231376,0.0,0.0,0.0
231728,0.0,0.0,0.0
231754,0.0,0.0,0.0
234073,0.0,0.0,0.0
235054,0.0,0.0,0.0
235574,0.0,0.0,0.0
236827,0.0,0.0,0.0
237684,0.0,0.0,0.0
238777,0.0,0.0,0.0
239820,0.0,0.0,0.0
240472,0.0,0.0,0.0
240707,0.0,0.0,0.0
240815,0.0,0.0,0.0
240825,0.0,0.0,0.0
241184,0.0,0.0,0.0
241715,0.0,0.0,0.0
242293,0.0,0.0,0.0
243044,0.0,0.0,0.0
243224,0.0,0.0,0.0
243685,0.0,0.0,0.0
244272,0.0,0.0,0.0
244343,0.0,0.0,0.0
245101,0.0,0.0,0.0
245446,0.0,0.0,0.0
246269,0.0,0.0,0.0
246311,0.0,0.0,0.0
246715,0.0,0.0,0.0
246895,0.0,0.0,0.0
246921,0.0,0.0,0.0
248048,0.0,0.0,0.0
248055,0.0,0.0,0.0
248473,0.0,0.0,0.0
248857,0.0,0.0,0.0
250792,0.0,0.0,0.0
252245,0.0,0.0,0.0
253494,0.0,0.0,0.0
253961,0.0,0.0,0.0
255095,0.0,0.0,0.0
255126,0.0,0.0,0.0
256725,0.0,0.0,0.0
257008,0.0,0.0,0.0
257623,0.0,0.0,0.0
258967,0.0,0.0,0.0
259462,0.0,0.0,0.0
260492,0.0,0.0,0.0
260605,0.0,0.0,0.0
260911,0.0,0.0,0.0
262045,0.0,0.0,0.0
262319,0.0,0.0,0.0
262456,0.0,0.0,0.0
262713,0.0,0.0,0.0
262840,0.0,0.0,0.0
264153,0.0,0.0,0.0
264260,0.0,0.0,0.0
264521,0.0,0.0,0.0
264861,0.0,0.0,0.0
265382,0.0,0.0,0.0
266031,0.0,0.0,0.0
266151,0.0,0.0,0.0
266564,0.0,0.0,0.0
266807,0.0,0.0,0.0
267279,0.0,0.0,0.0
267415,0.6309297535714575,0.2,0.2708333333333333
267940,0.0,0.0,0.0
270346,0.0,0.0,0.0
270750,0.0,0.0,0.0
271211,0.0,0.0,0.0
271391,0.0,0.0,0.0
271531,0.0,0.0,0.0
271838,0.0,0.0,0.0
271864,0.0,0.0,0.0
271930,0.0,0.0,0.0
273801,0.0,0.0,0.0
273852,0.0,0.0,0.0
273992,0.0,0.0,0.0
274069,0.0,0.0,0.0
274761,0.0,0.0,0.0
274779,0.0,0.0,0.0
274879,0.0,0.0,0.0
275025,0.0,0.0,0.0
275402,0.0,0.0,0.0
277337,0.0,0.0,0.0
278417,0.0,0.0,0.0
279838,0.0,0.0,0.0
280701,0.0,0.0,0.0
280932,0.0,0.0,0.0
281138,0.0,0.0,0.0
282801,0.0,0.0,0.0
283124,0.0,0.0,0.0
283231,0.0,0.0,0.0
283829,0.0,0.0,0.0
285061,0.0,0.0,0.0
285673,0.0,0.0,0.0
285884,0.0,0.0,0.0
286146,0.0,0.0,0.0
286322,0.0,0.0,0.0
286829,0.0,0.0,0.0
287595,0.0,0.0,0.0
287630,0.0,0.0,0.0
287932,0.0,0.0,0.0
288360,0.0,0.0,0.0
288436,0.0,0.0,0.0
288577,0.0,0.0,0.0
288663,0.0,0.0,0.0
288849,0.0,0.0,0.0
290219,0.0,0.0,0.0
290703,0.0,0.0,0.0
290895,0.0,0.0,0.0
290967,0.0,0.0,0.0
291281,0.0,0.0,0.0
291996,0.0,0.0,0.0
292160,0.0,0.0,0.0
292364,0.0,0.0,0.0
292505,0.0,0.0,0.0
292617,0.0,0.0,0.0
293560,0.0,0.0,0.0
295406,0.0,0.0,0.0
295609,0.0,0.0,0.0
295779,0.0,0.0,0.0
295953,0.0,0.0,0.0
296340,0.0,0.0,0.0
296934,0.0,0.0,0.0
297186,0.0,0.0,0.0
297344,0.0,0.0,0.0
297400,0.0,0.0,0.0
298111,0.0,0.0,0.0
299001,0.0,0.0,0.0
299150,0.0,0.0,0.0
299281,0.0,0.0,0.0
299570,0.0,0.0,0.0
299807,0.0,0.0,0.0
300690,0.0,0.0,0.0
301066,0.0,0.0,0.0
301133,0.0,0.0,0.0
302268,0.0,0.0,0.0
302373,0.0,0.0,0.0
302599,0.0,0.0,0.0
302964,0.0,0.0,0.0
303107,0.0,0.0,0.0
303188,0.0,0.0,0.0
303494,0.0,0.0,0.0
303742,0.0,0.0,0.0
303899,0.0,0.0,0.0
303958,0.0,0.0,0.0
305182,0.0,0.0,0.0
305596,0.0,0.0,0.0
305662,0.0,0.0,0.0
305703,0.0,0.0,0.0
305800,0.0,0.0,0.0
305928,0.0,0.0,0.0
306682,0.0,0.0,0.0
307231,0.0,0.0,0.0
307358,0.0,0.0,0.0
307681,0.0,0.0,0.0
307949,0.0,0.0,0.0
307952,0.0,0.0,0.0
308435,0.0,0.0,0.0
308777,0.0,0.0,0.0
309587,0.0,0.0,0.0
309924,0.0,0.0,0.0
310033,0.0,0.0,0.0
310151,1.0,0.2,0.5208333333333333
311188,0.0,0.0,0.0
311930,0.0,0.0,0.0
312130,0.0,0.0,0.0
312276,0.0,0.0,0.0
312441,0.0,0.0,0.0
312769,0.0,0.0,0.0
312866,0.0,0.0,0.0
313810,0.0,0.0,0.0
314015,0.0,0.0,0.0
314203,0.0,0.0,0.0
314829,0.0,0.0,0.0
315748,0.0,0.0,0.0
316348,0.0,0.0,0.0
316616,0.0,0.0,0.0
317973,0.0,0.0,0.0
318220,0.0,0.0,0.0
318442,0.0,0.0,0.0
318492,0.0,0.0,0.0
318893,0.0,0.0,0.0
319209,0.0,0.0,0.0
320064,0.0,0.0,0.0
320189,0.0,0.0,0.0
320499,0.0,0.0,0.0
321935,0.0,0.0,0.0
322219,0.0,0.0,0.0
322691,0.0,0.0,0.0
322772,0.0,0.0,0.0
323013,0.0,0.0,0.0
323496,0.0,0.0,0.0
324236,1.0,0.2,0.5208333333333333
324810,0.0,0.0,0.0
325135,0.0,0.0,0.0
325628,0.0,0.0,0.0
326574,0.0,0.0,0.0
326933,0.0,0.0,0.0
328204,0.0,0.0,0.0
328452,0.0,0.0,0.0
328628,0.0,0.0,0.0
328849,0.0,0.0,0.0
331056,0.0,0.0,0.0
331130,0.0,0.0,0.0
331142,0.0,0.0,0.0
331590,0.0,0.0,0.0
331794,0.0,0.0,0.0
332066,0.0,0.0,0.0
333137,0.0,0.0,0.0
333330,0.0,0.0,0.0
333595,0.0,0.0,0.0
333803,0.0,0.0,0.0
334309,0.0,0.0,0.0
334356,0.0,0.0,0.0
334828,0.0,0.0,0.0
335290,0.0,0.0,0.0
336022,0.0,0.0,0.0
336115,0.0,0.0,0.0
336894,0.0,0.0,0.0
337118,0.0,0.0,0.0
337872,0.0,0.0,0.0
337930,0.0,0.0,0.0
338116,0.0,0.0,0.0
338194,0.0,0.0,0.0
338346,0.0,0.0,0.0
339278,0.0,0.0,0.0
339303,0.0,0.0,0.0
339400,0.0,0.0,0.0
339521,0.0,0.0,0.0
339633,0.0,0.0,0.0
340261,0.0,0.0,0.0
342254,0.0,0.0,0.0
342724,0.0,0.0,0.0
342887,0.0,0.0,0.0
343991,0.0,0.0,0.0
344645,0.0,0.0,0.0
344716,0.0,0.0,0.0
344922,0.0,0.0,0.0
346032,0.0,0.0,0.0
346395,0.0,0.0,0.0
346551,0.0,0.0,0.0
346872,0.0,0.0,0.0
347153,0.0,0.0,0.0
347222,0.0,0.0,0.0
347945,0.0,0.0,0.0
347949,0.0,0.0,0.0
348135,0.0,0.0,0.0
348903,0.0,0.0,0.0
349085,0.0,0.0,0.0
350115,0.0,0.0,0.0
350140,0.0,0.0,0.0
350223,0.0,0.0,0.0
350598,0.0,0.0,0.0
350690,0.0,0.0,0.0
351381,0.0,0.0,0.0
351411,0.0,0.0,0.0
351550,0.0,0.0,0.0
352214,0.0,0.0,0.0
352228,0.0,0.0,0.0
352967,0.0,0.0,0.0
353086,0.0,0.0,0.0
353358,0.0,0.0,0.0
353663,0.0,0.0,0.0
353825,0.0,0.0,0.0
354140,0.0,0.0,0.0
354638,0.0,0.0,0.0
354656,0.0,0.0,0.0
354784,0.0,0.0,0.0
354861,0.0,0.0,0.0
355137,0.0,0.0,0.0
355545,0.0,0.0,0.0
355620,0.0,0.0,0.0
355701,0.0,0.0,0.0
356746,0.0,0.0,0.0
356923,0.0,0.0,0.0
357232,0.0,0.0,0.0
357266,0.0,0.0,0.0
357429,0.0,0.0,0.0
357674,0.0,0.0,0.0
358129,0.0,0.0,0.0
358157,0.0,0.0,0.0
358476,0.0,0.0,0.0
358493,0.0,0.0,0.0
359905,0.0,0.0,0.0
359961,0.0,0.0,0.0
360056,0.0,0.0,0.0
361157,0.0,0.0,0.0
361287,0.0,0.0,0.0
361588,0.0,0.0,0.0
362263,0.0,0.0,0.0
362489,0.0,0.0,0.0
363392,0.6309297535714575,0.2,0.2708333333333333
363614,0.0,0.0,0.0
363811,0.0,0.0,0.0
363914,0.0,0.0,0.0
364564,0.0,0.0,0.0
364810,0.0,0.0,0.0
364862,0.0,0.0,0.0
365678,0.0,0.0,0.0
365708,0.0,0.0,0.0
365917,0.0,0.0,0.0
366311,0.0,0.0,0.0
366817,0.0,0.0,0.0
366981,0.0,0.0,0.0
367991,0.0,0.0,0.0
368084,0.0,0.0,0.0
368457,0.0,0.0,0.0
368672,0.0,0.0,0.0
368868,0.0,0.0,0.0
368873,0.0,0.0,0.0
369107,0.0,0.0,0.0
369310,0.0,0.0,0.0
369406,0.0,0.0,0.0
369596,0.0,0.0,0.0
370300,0.0,0.0,0.0
370645,0.0,0.0,0.0
372768,0.0,0.0,0.0
373093,0.0,0.0,0.0
373353,0.0,0.0,0.0
374248,0.0,0.0,0.0
375154,0.0,0.0,0.0
375325,0.0,0.0,0.0
375374,0.0,0.0,0.0
375695,0.0,0.0,0.0
375780,0.0,0.0,0.0
376445,0.0,0.0,0.0
376903,0.0,0.0,0.0
377299,0.0,0.0,0.0
378229,0.0,0.0,0.0
378320,0.0,0.0,0.0
379943,0.0,0.0,0.0
380400,0.0,0.0,0.0
380529,0.0,0.0,0.0
380598,0.0,0.0,0.0
380965,0.0,0.0,0.0
381054,0.0,0.0,0.0
381507,0.0,0.0,0.0
381863,0.0,0.0,0.0
381992,0.0,0.0,0.0
382762,0.0,0.0,0.0
383379,0.0,0.0,0.0
383853,0.0,0.0,0.0
384854,0.0,0.0,0.0
385206,0.0,0.0,0.0
385262,0.0,0.0,0.0
385427,0.0,0.0,0.0
385969,0.0,0.0,0.0
386344,0.0,0.0,0.0
386809,0.0,0.0,0.0
386829,0.0,0.0,0.0
386837,0.0,0.0,0.0
387127,0.0,0.0,0.0
387704,0.0,0.0,0.0
387706,0.0,0.0,0.0
387823,0.0,0.0,0.0
388059,0.0,0.0,0.0
388718,0.0,0.0,0.0
388755,0.0,0.0,0.0
388834,0.0,0.0,0.0
390010,0.0,0.0,0.0
390260,0.0,0.0,0.0
390444,0.0,0.0,0.0
390448,0.0,0.0,0.0
390977,0.0,0.0,0.0
391859,0.0,0.0,0.0
391894,0.0,0.0,0.0
392268,0.0,0.0,0.0
392302,0.0,0.0,0.0
392312,0.0,0.0,0.0
392404,0.0,0.0,0.0
392441,0.0,0.0,0.0
392560,0.0,0.0,0.0
393495,0.0,0.0,0.0
393498,0.0,0.0,0.0
393831,0.0,0.0,0.0
394827,0.0,0.0,0.0
394897,0.0,0.0,0.0
394907,0.0,0.0,0.0
395398,0.0,0.0,0.0
395735,0.0,0.0,0.0
395953,0.0,0.0,0.0
396126,0.0,0.0,0.0
396197,0.0,0.0,0.0
396557,0.0,0.0,0.0
396695,0.0,0.0,0.0
397990,0.0,0.0,0.0
398732,0.0,0.0,0.0
399487,0.0,0.0,0.0
399729,0.0,0.0,0.0
400005,0.0,0.0,0.0
400557,0.0,0.0,0.0
401560,0.0,0.0,0.0
401955,0.0,0.0,0.0
402183,0.43067655807339306,0.2,0.0625
402791,0.0,0.0,0.0
403289,0.0,0.0,0.0
404554,0.0,0.0,0.0
404626,0.0,0.0,0.0
405347,0.0,0.0,0.0
406115,0.0,0.0,0.0
406295,0.0,0.0,0.0
406339,0.0,0.0,0.0
407487,0.0,0.0,0.0
407611,0.0,0.0,0.0
408325,0.0,0.0,0.0
408341,0.0,0.0,0.0
408969,0.0,0.0,0.0
409856,0.0,0.0,0.0
409982,0.0,0.0,0.0
410281,0.0,0.0,0.0
410433,0.0,0.0,0.0
411105,0.0,0.0,0.0
411539,0.0,0.0,0.0
411697,0.0,0.0,0.0
412292,0.0,0.0,0.0
412307,0.0,0.0,0.0
412454,0.0,0.0,0.0
412553,0.0,0.0,0.0
413228,0.0,0.0,0.0
413266,0.0,0.0,0.0
414014,0.0,0.0,0.0
414341,0.0,0.0,0.0
415387,0.0,0.0,0.0
415401,0.0,0.0,0.0
415936,0.0,0.0,0.0
416697,0.0,0.0,0.0
417132,0.0,0.0,0.0
417349,0.0,0.0,0.0
417574,0.0,0.0,0.0
418053,0.0,0.0,0.0
418785,0.0,0.0,0.0
418881,0.0,0.0,0.0
418891,0.0,0.0,0.0
419000,0.0,0.0,0.0
419294,0.0,0.0,0.0
419603,0.0,0.0,0.0
419620,0.0,0.0,0.0
419677,0.0,0.0,0.0
420207,0.0,0.0,0.0
420405,0.0,0.0,0.0
420730,0.0,0.0,0.0
421460,0.0,0.0,0.0
422219,0.0,0.0,0.0
422259,0.0,0.0,0.0
422562,0.0,0.0,0.0
423063,0.0,0.0,0.0
423761,0.0,0.0,0.0
423883,0.0,0.0,0.0
424348,0.0,0.0,0.0
425262,0.0,0.0,0.0
425710,0.0,0.0,0.0
426222,0.0,0.0,0.0
426235,0.0,0.0,0.0
426624,0.0,0.0,0.0
426638,0.0,0.0,0.0
426704,0.0,0.0,0.0
426849,0.0,0.0,0.0
427249,0.0,0.0,0.0
427339,0.0,0.0,0.0
427888,0.0,0.0,0.0
427967,0.0,0.0,0.0
428375,0.0,0.0,0.0
428825,0.0,0.0,0.0
429081,0.0,0.0,0.0
429092,0.0,0.0,0.0
429604,0.0,0.0,0.0
429659,0.0,0.0,0.0
429881,0.0,0.0,0.0
430962,0.0,0.0,0.0
431959,0.0,0.0,0.0
431998,0.0,0.0,0.0
432151,0.0,0.0,0.0
432212,0.0,0.0,0.0
432406,0.0,0.0,0.0
432637,0.0,0.0,0.0
432733,0.0,0.0,0.0
432904,0.0,0.0,0.0
432972,0.0,0.0,0.0
433430,0.0,0.0,0.0
433610,0.0,0.0,0.0
434104,0.0,0.0,0.0
434413,0.0,0.0,0.0
434514,0.0,0.0,0.0
434580,0.0,0.0,0.0
434859,0.0,0.0,0.0
435094,0.0,0.0,0.0
435097,0.0,0.0,0.0
435387,0.0,0.0,0.0
435468,0.0,0.0,0.0
435848,0.0,0.0,0.0
435902,0.0,0.0,0.0
436199,0.0,0.0,0.0
437251,0.0,0.0,0.0
438691,0.0,0.0,0.0
439553,0.0,0.0,0.0
439813,0.0,0.0,0.0
440392,0.0,0.0,0.0
440796,0.0,0.0,0.0
440880,0.0,0.0,0.0
441285,0.0,0.0,0.0
441704,0.0,0.0,0.0
441741,0.0,0.0,0.0
442299,0.0,0.0,0.0
442698,0.0,0.0,0.0
442836,0.0,0.0,0.0
443484,0.0,0.0,0.0
443586,0.0,0.0,0.0
443921,0.0,0.0,0.0
443959,0.0,0.0,0.0
444343,0.0,0.0,0.0
444572,0.0,0.0,0.0
444660,0.0,0.0,0.0
444753,0.0,0.0,0.0
444905,0.0,0.0,0.0
445331,0.0,0.0,0.0
445388,0.0,0.0,0.0
445429,0.0,0.0,0.0
446018,0.0,0.0,0.0
446840,0.0,0.0,0.0
446907,0.0,0.0,0.0
447054,0.0,0.0,0.0
447182,0.0,0.0,0.0
447279,0.0,0.0,0.0
447833,0.0,0.0,0.0
447836,0.0,0.0,0.0
447853,0.0,0.0,0.0
448060,0.0,0.0,0.0
448092,0.0,0.0,0.0
448602,0.0,0.0,0.0
448828,0.0,0.0,0.0
449526,0.0,0.0,0.0
450208,0.0,0.0,0.0
450343,0.0,0.0,0.0
450440,0.0,0.0,0.0
451476,0.0,0.0,0.0
451913,0.0,0.0,0.0
451969,0.0,0.0,0.0
452148,0.0,0.0,0.0
452169,0.0,0.0,0.0
452255,0.0,0.0,0.0
452421,0.0,0.0,0.0
454006,0.0,0.0,0.0
454515,0.0,0.0,0.0
454579,0.0,0.0,0.0
456053,0.0,0.0,0.0
456647,0.0,0.0,0.0
456702,0.0,0.0,0.0
456765,0.0,0.0,0.0
457920,0.0,0.0,0.0
458118,0.0,0.0,0.0
458151,0.0,0.0,0.0
458208,0.0,0.0,0.0
458395,0.0,0.0,0.0
459654,0.0,0.0,0.0
459659,0.0,0.0,0.0
459705,0.0,0.0,0.0
459987,0.0,0.0,0.0
460063,0.0,0.0,0.0
460571,0.0,0.0,0.0
460650,0.0,0.0,0.0
460699,0.0,0.0,0.0
460814,0.0,0.0,0.0
460842,0.0,0.0,0.0
461149,0.0,0.0,0.0
461398,0.0,0.0,0.0
464211,0.0,0.0,0.0
464361,0.0,0.0,0.0
465252,0.0,0.0,0.0
465691,0.0,0.0,0.0
466665,0.0,0.0,0.0
466770,1.0,0.2,0.5208333333333333
466904,0.0,0.0,0.0
467291,0.0,0.0,0.0
467410,0.0,0.0,0.0
467757,0.0,0.0,0.0
468233,0.0,0.0,0.0
468455,0.0,0.0,0.0
468868,0.0,0.0,0.0
469483,0.0,0.0,0.0
469745,0.0,0.0,0.0
470019,0.0,0.0,0.0
470208,0.0,0.0,0.0
471143,0.0,0.0,0.0
471769,0.0,0.0,0.0
471813,0.0,0.0,0.0
472089,0.0,0.0,0.0
472431,0.0,0.0,0.0
473418,0.0,0.0,0.0
473587,0.0,0.0,0.0
473651,0.0,0.0,0.0
473807,0.0,0.0,0.0
474836,0.0,0.0,0.0
475325,0.0,0.0,0.0
475403,0.0,0.0,0.0
475438,0.0,0.0,0.0
475693,0.0,0.0,0.0
476736,0.0,0.0,0.0
477295,0.0,0.0,0.0
477606,0.0,0.0,0.0
477642,0.0,0.0,0.0
478666,0.0,0.0,0.0
480100,0.0,0.0,0.0
480304,0.0,0.0,0.0
480698,0.0,0.0,0.0
480900,0.0,0.0,0.0
481367,0.0,0.0,0.0
481416,0.0,0.0,0.0
481450,0.0,0.0,0.0
481676,0.0,0.0,0.0
482319,0.0,0.0,0.0
482936,0.0,0.0,0.0
484194,0.0,0.0,0.0
484689,0.0,0.0,0.0
485986,0.0,0.0,0.0
486032,0.0,0.0,0.0
486194,0.0,0.0,0.0
486274,0.0,0.0,0.0
488955,0.0,0.0,0.0
489107,0.6309297535714575,0.2,0.2708333333333333
489344,0.0,0.0,0.0
489476,0.0,0.0,0.0
490481,0.0,0.0,0.0
491019,0.0,0.0,0.0
491368,0.0,0.0,0.0
491503,0.0,0.0,0.0
492462,0.0,0.0,0.0
492612,0.0,0.0,0.0
492748,0.0,0.0,0.0
493014,0.0,0.0,0.0
493294,0.0,0.0,0.0
493574,0.0,0.0,0.0
493655,0.0,0.0,0.0
494070,0.0,0.0,0.0
494464,0.0,0.0,0.0
495069,0.0,0.0,0.0
495434,0.0,0.0,0.0
496324,0.0,0.0,0.0
496458,0.0,0.0,0.0
496499,0.0,0.0,0.0
496626,0.0,0.0,0.0
496737,0.0,0.0,0.0
496749,0.0,0.0,0.0
496765,0.0,0.0,0.0
496987,0.0,0.0,0.0
497364,0.0,0.0,0.0
497756,0.0,0.0,0.0
498087,0.0,0.0,0.0
498533,0.0,0.0,0.0
499358,0.0,0.0,0.0
499540,0.0,0.0,0.0
499867,0.0,0.0,0.0
500223,0.0,0.0,0.0
501405,0.0,0.0,0.0
501487,0.0,0.0,0.0
501571,0.0,0.0,0.0
501573,0.0,0.0,0.0
502055,0.0,0.0,0.0
502688,0.0,0.0,0.0
502766,0.0,0.0,0.0
502942,0.0,0.0,0.0
503082,0.0,0.0,0.0
503220,0.0,0.0,0.0
503228,0.0,0.0,0.0
504966,0.0,0.0,0.0
506428,0.0,0.0,0.0
506807,0.0,0.0,0.0
506889,0.0,0.0,0.0
507524,0.0,0.0,0.0
507709,0.0,0.0,0.0
507831,0.0,0.0,0.0
508270,0.0,0.0,0.0
508273,0.0,0.0,0.0
508403,0.0,0.0,0.0
509459,0.0,0.0,0.0
509903,0.0,0.0,0.0
509911,0.0,0.0,0.0
510369,0.0,0.0,0.0
510679,0.0,0.0,0.0
511208,0.0,0.0,0.0
511328,0.0,0.0,0.0
511652,0.0,0.0,0.0
511814,0.0,0.0,0.0
512298,0.0,0.0,0.0
512597,0.0,0.0,0.0
513066,0.0,0.0,0.0
513131,0.0,0.0,0.0
514216,0.0,0.0,0.0
515852,0.0,0.0,0.0
516220,0.0,0.0,0.0
516584,0.0,0.0,0.0
516680,0.0,0.0,0.0
517273,0.0,0.0,0.0
517578,0.0,0.0,0.0
517884,0.0,0.0,0.0
518386,0.0,0.0,0.0
518627,0.0,0.0,0.0
519038,0.0,0.0,0.0
519064,0.0,0.0,0.0
519342,0.0,0.0,0.0
520200,0.0,0.0,0.0
520402,0.0,0.0,0.0
521008,0.0,0.0,0.0
521498,0.0,0.0,0.0
522146,0.0,0.0,0.0
522568,0.0,0.0,0.0
523006,0.0,0.0,0.0
523066,0.0,0.0,0.0
524301,0.0,0.0,0.0
524454,0.0,0.0,0.0
524620,0.0,0.0,0.0
524853,0.0,0.0,0.0
524957,0.0,0.0,0.0
525317,0.0,0.0,0.0
525397,0.0,0.0,0.0
525791,0.0,0.0,0.0
526311,0.0,0.0,0.0
527521,0.0,0.0,0.0
528336,0.0,0.0,0.0
528517,0.0,0.0,0.0
529147,0.0,0.0,0.0
529154,0.0,0.0,0.0
529336,0.0,0.0,0.0
529511,0.0,0.0,0.0
529727,0.0,0.0,0.0
530138,0.0,0.0,0.0
530591,0.0,0.0,0.0
531648,0.0,0.0,0.0
531920,0.0,0.0,0.0
531942,0.0,0.0,0.0
532258,0.0,0.0,0.0
533052,0.0,0.0,0.0
533563,0.0,0.0,0.0
533993,0.0,0.0,0.0
534013,0.0,0.0,0.0
534191,0.0,0.0,0.0
534720,0.0,0.0,0.0
535711,0.0,0.0,0.0
536546,0.0,0.0,0.0
536769,0.0,0.0,0.0
537318,0.0,0.0,0.0
537614,0.0,0.0,0.0
537648,0.0,0.0,0.0
537851,0.0,0.0,0.0
538009,0.0,0.0,0.0
538813,0.0,0.0,0.0
538872,0.0,0.0,0.0
538886,0.0,0.0,0.0
539211,0.0,0.0,0.0
539866,0.0,0.0,0.0
540526,0.0,0.0,0.0
541273,0.0,0.0,0.0
541583,0.0,0.0,0.0
542003,0.0,0.0,0.0
542040,0.0,0.0,0.0
542865,0.0,0.0,0.0
543165,0.0,0.0,0.0
543282,0.0,0.0,0.0
543410,0.0,0.0,0.0
543819,0.0,0.0,0.0
543935,0.0,0.0,0.0
544023,0.0,0.0,0.0
544329,0.0,0.0,0.0
544644,0.0,0.0,0.0
544868,0.0,0.0,0.0
545525,0.0,0.0,0.0
546970,0.0,0.0,0.0
547010,0.0,0.0,0.0
547058,0.0,0.0,0.0
547676,0.0,0.0,0.0
547693,0.0,0.0,0.0
548436,0.0,0.0,0.0
549990,0.0,0.0,0.0
550054,0.0,0.0,0.0
550081,0.0,0.0,0.0
550298,0.0,0.0,0.0
550618,0.0,0.0,0.0
550635,0.0,0.0,0.0
551196,0.0,0.0,0.0
551224,0.0,0.0,0.0
551303,0.0,0.0,0.0
551609,0.0,0.0,0.0
551704,0.0,0.0,0.0
551786,0.0,0.0,0.0
552256,0.0,0.0,0.0
552309,0.0,0.0,0.0
552537,0.0,0.0,0.0
552776,0.0,0.0,0.0
552813,0.0,0.0,0.0
553429,0.0,0.0,0.0
553948,0.0,0.0,0.0
554093,0.0,0.0,0.0
554313,0.0,0.0,0.0
554393,0.0,0.0,0.0
554400,0.0,0.0,0.0
554587,0.0,0.0,0.0
554657,0.0,0.0,0.0
555299,0.0,0.0,0.0
556086,0.0,0.0,0.0
556842,0.0,0.0,0.0
557325,0.0,0.0,0.0
558027,0.0,0.0,0.0
558056,0.0,0.0,0.0
558367,0.0,0.0,0.0
558430,0.0,0.0,0.0
559676,0.0,0.0,0.0
559863,0.0,0.0,0.0
560130,0.0,0.0,0.0
560192,0.0,0.0,0.0
560239,0.0,0.0,0.0
560334,0.0,0.0,0.0
560591,0.0,0.0,0.0
560874,0.0,0.0,0.0
561201,0.0,0.0,0.0
561530,0.0,0.0,0.0
561553,0.0,0.0,0.0
561672,0.0,0.0,0.0
561902,0.0,0.0,0.0
563136,0.0,0.0,0.0
564521,0.0,0.0,0.0
565139,0.0,0.0,0.0
565208,0.0,0.0,0.0
566597,0.6309297535714575,0.2,0.2708333333333333
566616,0.0,0.0,0.0
567196,0.0,0.0,0.0
567312,0.0,0.0,0.0
567613,0.0,0.0,0.0
567832,0.0,0.0,0.0
567882,0.0,0.0,0.0
568388,0.0,0.0,0.0
568686,0.0,0.0,0.0
568790,0.0,0.0,0.0
569460,0.0,0.0,0.0
569722,0.0,0.0,0.0
569727,0.0,0.0,0.0
569805,0.0,0.0,0.0
570538,0.0,0.0,0.0
571088,0.0,0.0,0.0
571896,0.0,0.0,0.0
572093,0.0,0.0,0.0
572355,1.0,0.2,0.5208333333333333
572431,0.0,0.0,0.0
573249,0.0,0.0,0.0
573454,0.0,0.0,0.0
573739,0.0,0.0,0.0
573810,0.0,0.0,0.0
574180,0.0,0.0,0.0
574803,0.0,0.0,0.0
574881,0.0,0.0,0.0
575921,0.0,0.0,0.0
576254,0.0,0.0,0.0
576850,0.0,0.0,0.0
577496,0.0,0.0,0.0
577709,0.0,0.0,0.0
578269,0.0,0.0,0.0
578478,0.0,0.0,0.0
578691,0.0,0.0,0.0
578981,0.0,0.0,0.0
579002,0.0,0.0,0.0
579325,0.0,0.0,0.0
579875,0.0,0.0,0.0
580188,0.0,0.0,0.0
580290,0.0,0.0,0.0
580406,0.0,0.0,0.0
580444,0.0,0.0,0.0
580451,0.0,0.0,0.0
580908,0.0,0.0,0.0
581695,0.0,0.0,0.0
581877,0.0,0.0,0.0
581899,0.0,0.0,0.0
582132,0.0,0.0,0.0
584018,0.0,0.0,0.0
585424,0.0,0.0,0.0
585606,0.0,0.0,0.0
585632,0.0,0.0,0.0
585820,0.0,0.0,0.0
586480,1.0,0.2,0.5208333333333333
586627,0.0,0.0,0.0
586706,0.0,0.0,0.0
587589,0.0,0.0,0.0
588106,0.0,0.0,0.0
588231,0.0,0.0,0.0
589609,0.0,0.0,0.0
590081,0.0,0.0,0.0
590748,0.0,0.0,0.0
590761,0.0,0.0,0.0
590812,0.0,0.0,0.0
590966,0.0,0.0,0.0
591663,0.0,0.0,0.0
592026,0.0,0.0,0.0
592343,0.0,0.0,0.0
592825,0.0,0.0,0.0
593780,0.0,0.0,0.0
593853,0.0,0.0,0.0
594614,0.0,0.0,0.0
594870,0.0,0.0,0.0
595161,0.0,0.0,0.0
595556,0.0,0.0,0.0
596001,0.0,0.0,0.0
596480,0.0,0.0,0.0
596962,0.0,0.0,0.0
597150,0.0,0.0,0.0
598281,0.0,0.0,0.0
598457,0.0,0.0,0.0
598740,0.0,0.0,0.0
600391,0.0,0.0,0.0
600496,0.0,0.0,0.0
600688,0.0,0.0,0.0
603070,0.0,0.0,0.0
603765,0.0,0.0,0.0
603832,0.0,0.0,0.0
603945,0.0,0.0,0.0
605330,0.0,0.0,0.0
605638,0.0,0.0,0.0
606744,0.0,0.0,0.0
606858,0.0,0.0,0.0
608002,0.0,0.0,0.0
608063,0.0,0.0,0.0
608299,0.0,0.0,0.0
608714,0.0,0.0,0.0
608998,0.0,0.0,0.0
609095,0.0,0.0,0.0
609370,0.0,0.0,0.0
609375,0.0,0.0,0.0
609550,0.0,0.0,0.0
609947,0.0,0.0,0.0
610560,0.0,0.0,0.0
610663,0.0,0.0,0.0
610753,0.0,0.0,0.0
610886,0.0,0.0,0.0
611231,0.0,0.0,0.0
611873,0.0,0.0,0.0
612091,0.0,0.0,0.0
612132,0.0,0.0,0.0
612279,0.0,0.0,0.0
612516,0.0,0.0,0.0
612751,0.0,0.0,0.0
613181,0.0,0.0,0.0
613263,0.0,0.0,0.0
613495,0.0,0.0,0.0
613924,0.0,0.0,0.0
614422,0.0,0.0,0.0
614780,0.0,0.0,0.0
614981,0.0,0.0,0.0
615133,0.0,0.0,0.0
615733,0.0,0.0,0.0
616897,0.0,0.0,0.0
617246,0.0,0.0,0.0
617481,0.0,0.0,0.0
618425,0.0,0.0,0.0
618485,0.0,0.0,0.0
618953,0.0,0.0,0.0
619343,0.0,0.0,0.0
620045,0.0,0.0,0.0
620201,0.0,0.0,0.0
620547,0.0,0.0,0.0
620901,0.0,0.0,0.0
621896,0.0,0.0,0.0
622246,0.0,0.0,0.0
622349,0.0,0.0,0.0
622899,0.0,0.0,0.0
623062,0.0,0.0,0.0
623964,0.0,0.0,0.0
624709,0.0,0.0,0.0
626070,0.0,0.0,0.0
626086,0.0,0.0,0.0
627175,0.0,0.0,0.0
627826,0.0,0.0,0.0
628044,0.0,0.0,0.0
628089,0.0,0.0,0.0
628303,0.0,0.0,0.0
628418,0.0,0.0,0.0
628643,0.0,0.0,0.0
628703,0.0,0.0,0.0
628758,0.0,0.0,0.0
628930,0.0,0.0,0.0
630140,0.0,0.0,0.0
630154,0.0,0.0,0.0
630201,0.0,0.0,0.0
630306,0.0,0.0,0.0
630501,0.0,0.0,0.0
630550,0.0,0.0,0.0
631123,0.0,0.0,0.0
631579,0.0,0.0,0.0
631617,0.0,0.0,0.0
631643,0.0,0.0,0.0
632163,0.0,0.0,0.0
632231,0.0,0.0,0.0
632286,0.0,0.0,0.0
632887,0.0,0.0,0.0
633080,0.0,0.0,0.0
633533,0.0,0.0,0.0
633830,0.0,0.0,0.0
634198,0.0,0.0,0.0
634847,0.0,0.0,0.0
634962,0.0,0.0,0.0
635946,0.0,0.0,0.0
636200,0.0,0.0,0.0
636374,0.0,0.0,0.0
636570,0.0,0.0,0.0
636696,0.0,0.0,0.0
636946,0.0,0.0,0.0
637125,0.0,0.0,0.0
637571,0.0,0.0,0.0
637712,0.0,0.0,0.0
637943,0.0,0.0,0.0
637963,0.0,0.0,0.0
638388,0.0,0.0,0.0
638763,0.0,0.0,0.0
638859,0.0,0.0,0.0
639527,0.0,0.0,0.0
639608,0.0,0.0,0.0
639908,0.0,0.0,0.0
640044,0.0,0.0,0.0
640214,0.0,0.0,0.0
640571,0.0,0.0,0.0
640717,0.0,0.0,0.0
640742,0.0,0.0,0.0
640806,0.0,0.0,0.0
641294,0.0,0.0,0.0
641766,0.0,0.0,0.0
643093,0.0,0.0,0.0
643132,0.0,0.0,0.0
643975,0.0,0.0,0.0
644351,0.0,0.0,0.0
644523,0.0,0.0,0.0
644777,0.0,0.0,0.0
644851,0.0,0.0,0.0
645104,0.0,0.0,0.0
646023,0.0,0.0,0.0
646288,0.0,0.0,0.0
646314,0.0,0.0,0.0
646456,0.0,0.0,0.0
646839,0.0,0.0,0.0
646969,0.0,0.0,0.0
647331,0.0,0.0,0.0
647838,0.0,0.0,0.0
648406,0.0,0.0,0.0
648627,0.0,0.0,0.0
648727,0.0,0.0,0.0
649346,0.0,0.0,0.0
649513,0.0,0.0,0.0
649537,0.0,0.0,0.0
650602,0.0,0.0,0.0
650788,0.0,0.0,0.0
651578,0.0,0.0,0.0
651932,0.0,0.0,0.0
652091,0.0,0.0,0.0
652218,0.0,0.0,0.0
652689,0.0,0.0,0.0
652704,0.0,0.0,0.0
653157,0.0,0.0,0.0
653462,0.0,0.0,0.0
653557,0.0,0.0,0.0
654457,0.0,0.0,0.0
654666,0.0,0.0,0.0
655905,0.0,0.0,0.0
656130,0.0,0.0,0.0
656150,0.0,0.0,0.0
656371,0.0,0.0,0.0
656444,0.0,0.0,0.0
656924,0.0,0.0,0.0
657295,0.0,0.0,0.0
657607,0.0,0.0,0.0
657888,0.0,0.0,0.0
658291,0.0,0.0,0.0
659655,0.0,0.0,0.0
659743,0.0,0.0,0.0
659765,0.0,0.0,0.0
659964,0.0,0.0,0.0
660465,0.0,0.0,0.0
660844,0.0,0.0,0.0
660993,0.0,0.0,0.0
661597,0.0,0.0,0.0
661796,0.0,0.0,0.0
661882,0.0,0.0,0.0
661906,0.0,0.0,0.0
662065,0.0,0.0,0.0
662514,0.0,0.0,0.0
662727,0.0,0.0,0.0
663119,0.0,0.0,0.0
663597,0.0,0.0,0.0
663731,0.0,0.0,0.0
663923,0.0,0.0,0.0
664051,0.0,0.0,0.0
664099,0.0,0.0,0.0
665222,0.0,0.0,0.0
665510,0.0,0.0,0.0
665530,0.0,0.0,0.0
666615,0.0,0.0,0.0
666684,0.0,0.0,0.0
666756,0.0,0.0,0.0
667072,0.0,0.0,0.0
667246,0.0,0.0,0.0
667296,0.0,0.0,0.0
667646,0.0,0.0,0.0
668449,0.0,0.0,0.0
668575,0.0,0.0,0.0
668582,0.0,0.0,0.0
668763,0.0,0.0,0.0
669020,0.0,0.0,0.0
669063,0.0,0.0,0.0
669762,0.0,0.0,0.0
670016,0.0,0.0,0.0
670231,0.0,0.0,0.0
670637,0.0,0.0,0.0
670916,0.0,0.0,0.0
671088,0.0,0.0,0.0
671531,0.0,0.0,0.0
672237,0.0,0.0,0.0
672777,0.0,0.0,0.0
672903,0.0,0.0,0.0
673029,0.0,0.0,0.0
673365,0.0,0.0,0.0
673695,0.0,0.0,0.0
674105,0.0,0.0,0.0
674119,0.0,0.0,0.0
674853,0.0,0.0,0.0
674909,0.0,0.0,0.0
674980,0.0,0.0,0.0
676112,0.0,0.0,0.0
676295,0.0,0.0,0.0
676868,0.0,0.0,0.0
677085,0.0,0.0,0.0
677307,0.0,0.0,0.0
677505,0.0,0.0,0.0
678573,0.0,0.0,0.0
678648,0.0,0.0,0.0
679437,0.0,0.0,0.0
680462,0.0,0.0,0.0
680550,0.0,0.0,0.0
680862,0.0,0.0,0.0
680964,0.0,0.0,0.0
681959,0.0,0.0,0.0
681991,0.0,0.0,0.0
681992,0.0,0.0,0.0
682446,0.0,0.0,0.0
683080,0.0,0.0,0.0
683814,0.0,0.0,0.0
684239,0.0,0.0,0.0
684393,0.0,0.0,0.0
684428,0.0,0.0,0.0
684457,0.0,0.0,0.0
684783,0.0,0.0,0.0
686659,0.0,0.0,0.0
687182,0.0,0.0,0.0
687200,0.0,0.0,0.0
687342,0.0,0.0,0.0
687825,0.0,0.0,0.0
687889,0.0,0.0,0.0
688282,0.0,0.0,0.0
688329,0.0,0.0,0.0
688725,0.0,0.0,0.0
690093,0.0,0.0,0.0
690301,0.0,0.0,0.0
691113,0.0,0.0,0.0
691977,0.0,0.0,0.0
692171,0.0,0.0,0.0
692227,0.0,0.0,0.0
692565,0.0,0.0,0.0
693477,0.0,0.0,0.0
693586,0.0,0.0,0.0
693841,0.0,0.0,0.0
693873,0.0,0.0,0.0
694054,0.0,0.0,0.0
694352,0.0,0.0,0.0
694451,0.0,0.0,0.0
694671,0.0,0.0,0.0
695329,0.0,0.0,0.0
695964,0.0,0.0,0.0
696065,0.0,0.0,0.0
696721,0.0,0.0,0.0
697809,0.0,0.0,0.0
697940,0.0,0.0,0.0
698205,0.0,0.0,0.0
698380,0.0,0.0,0.0
698398,0.0,0.0,0.0
698482,0.0,0.0,0.0
699038,0.0,0.0,0.0
699139,0.0,0.0,0.0
699483,0.0,0.0,0.0
700383,0.0,0.0,0.0
700823,0.0,0.0,0.0
701115,0.0,0.0,0.0
701912,0.0,0.0,0.0
702258,0.0,0.0,0.0
702352,0.0,0.0,0.0
702530,0.0,0.0,0.0
702981,0.0,0.0,0.0
703210,0.0,0.0,0.0
703791,0.0,0.0,0.0
703839,0.0,0.0,0.0
704151,0.0,0.0,0.0
704428,0.0,0.0,0.0
704722,0.0,0.0,0.0
705015,0.0,0.0,0.0
705105,0.0,0.0,0.0
705297,0.0,0.0,0.0
705666,0.0,0.0,0.0
705765,0.0,0.0,0.0
706487,0.6309297535714575,0.2,0.2708333333333333
707403,0.5,0.2,0.14583333333333331
707417,0.0,0.0,0.0
707886,0.0,0.0,0.0
708316,0.0,0.0,0.0
708605,0.5,0.2,0.14583333333333331
708773,0.0,0.0,0.0
708783,0.0,0.0,0.0
709083,0.0,0.0,0.0
709281,0.0,0.0,0.0
709309,0.0,0.0,0.0
709463,0.0,0.0,0.0
709489,0.0,0.0,0.0
709832,0.0,0.0,0.0
710977,0.0,0.0,0.0
711747,0.0,0.0,0.0
712615,0.0,0.0,0.0
712641,0.0,0.0,0.0
712718,0.0,0.0,0.0
713225,0.0,0.0,0.0
713765,0.0,0.0,0.0
713871,0.0,0.0,0.0
714820,0.0,0.0,0.0
715159,0.0,0.0,0.0
715273,0.0,0.0,0.0
715514,0.0,0.0,0.0
715660,0.0,0.0,0.0
715874,0.0,0.0,0.0
716015,0.0,0.0,0.0
717267,0.0,0.0,0.0
717332,0.0,0.0,0.0
717804,0.0,0.0,0.0
718632,0.0,0.0,0.0
718911,0.0,0.0,0.0
719150,0.0,0.0,0.0
719799,0.0,0.0,0.0
720805,0.0,0.0,0.0
721179,0.0,0.0,0.0
721344,0.0,0.0,0.0
722314,0.0,0.0,0.0
722784,0.0,0.0,0.0
723089,0.0,0.0,0.0
723393,0.0,0.0,0.0
723397,0.0,0.0,0.0
723467,0.0,0.0,0.0
723548,0.0,0.0,0.0
724231,0.0,0.0,0.0
724902,0.0,0.0,0.0
724965,0.0,0.0,0.0
725071,0.0,0.0,0.0
725425,0.0,0.0,0.0
725439,0.0,0.0,0.0
725840,0.0,0.0,0.0
726048,0.0,0.0,0.0
726976,0.0,0.0,0.0
727445,0.0,0.0,0.0
727545,0.0,0.0,0.0
727650,0.0,0.0,0.0
727694,0.0,0.0,0.0
727816,0.0,0.0,0.0
727836,0.0,0.0,0.0
728396,0.0,0.0,0.0
729557,0.0,0.0,0.0
729916,0.0,0.0,0.0
729975,0.0,0.0,0.0
730135,0.0,0.0,0.0
730248,0.0,0.0,0.0
730719,0.0,0.0,0.0
730747,0.0,0.0,0.0
731006,0.0,0.0,0.0
731420,0.0,0.0,0.0
732190,0.0,0.0,0.0
732377,0.0,0.0,0.0
732782,0.0,0.0,0.0
733118,0.0,0.0,0.0
733808,0.0,0.0,0.0
734240,0.0,0.0,0.0
734469,0.0,0.0,0.0
735890,0.0,0.0,0.0
735951,0.0,0.0,0.0
736606,0.0,0.0,0.0
736855,0.0,0.0,0.0
737376,0.0,0.0,0.0
737803,0.0,0.0,0.0
737867,0.0,0.0,0.0
738428,0.0,0.0,0.0
738432,0.0,0.0,0.0
739367,0.0,0.0,0.0
739991,0.0,0.0,0.0
740168,0.0,0.0,0.0
740184,0.0,0.0,0.0
740536,0.0,0.0,0.0
740594,0.0,0.0,0.0
741016,0.0,0.0,0.0
741099,0.0,0.0,0.0
741400,0.0,0.0,0.0
742380,0.0,0.0,0.0
742507,0.0,0.0,0.0
742896,0.0,0.0,0.0
742971,0.0,0.0,0.0
743100,0.0,0.0,0.0
743596,0.0,0.0,0.0
744005,0.0,0.0,0.0
745235,0.0,0.0,0.0
745409,0.0,0.0,0.0
745890,0.0,0.0,0.0
746022,0.0,0.0,0.0
746678,0.0,0.0,0.0
746685,0.0,0.0,0.0
747705,0.0,0.0,0.0
748010,0.0,0.0,0.0
748042,0.0,0.0,0.0
748218,0.0,0.0,0.0
748445,0.0,0.0,0.0
748691,0.0,0.0,0.0
748934,0.0,0.0,0.0
749273,0.0,0.0,0.0
749625,0.0,0.0,0.0
749858,0.0,0.0,0.0
750476,0.0,0.0,0.0
750898,0.0,0.0,0.0
750953,0.0,0.0,0.0
751327,0.0,0.0,0.0
751364,0.0,0.0,0.0
751424,0.0,0.0,0.0
751436,0.0,0.0,0.0
751446,0.0,0.0,0.0
751529,0.0,0.0,0.0
751575,0.0,0.0,0.0
751706,0.0,0.0,0.0
752198,0.0,0.0,0.0
753163,0.0,0.0,0.0
753345,0.0,0.0,0.0
753561,0.0,0.0,0.0
753666,0.0,0.0,0.0
754310,0.0,0.0,0.0
755186,0.0,0.0,0.0
755408,0.0,0.0,0.0
755805,0.0,0.0,0.0
755951,0.0,0.0,0.0
755991,0.0,0.0,0.0
757255,0.0,0.0,0.0
757487,0.0,0.0,0.0
758050,0.0,0.0,0.0
758981,0.0,0.0,0.0
759080,0.0,0.0,0.0
759508,0.0,0.0,0.0
760139,0.0,0.0,0.0
760394,0.0,0.0,0.0
760509,0.0,0.0,0.0
760623,0.0,0.0,0.0
761174,0.0,0.0,0.0
761188,0.0,0.0,0.0
761426,0.0,0.0,0.0
761900,0.0,0.0,0.0
762219,0.0,0.0,0.0
762574,0.0,0.0,0.0
763072,0.0,0.0,0.0
763825,0.0,0.0,0.0
763877,0.0,0.0,0.0
764209,0.0,0.0,0.0
764641,0.0,0.0,0.0
765572,0.0,0.0,0.0
766286,0.0,0.0,0.0
766710,0.0,0.0,0.0
766957,1.0,0.2,0.5208333333333333
766986,0.0,0.0,0.0
767724,0.0,0.0,0.0
767992,0.0,0.0,0.0
769666,0.0,0.0,0.0
770340,0.0,0.0,0.0
770461,0.0,0.0,0.0
770501,0.0,0.0,0.0
770573,0.0,0.0,0.0
770651,0.0,0.0,0.0
771014,0.0,0.0,0.0
772136,0.0,0.0,0.0
772529,0.0,0.0,0.0
772545,0.0,0.0,0.0
772592,0.0,0.0,0.0
773084,0.0,0.0,0.0
773180,0.0,0.0,0.0
773186,0.0,0.0,0.0
773922,0.0,0.0,0.0
774333,0.0,0.0,0.0
774474,0.0,0.0,0.0
774612,0.0,0.0,0.0
774845,0.0,0.0,0.0
774853,0.0,0.0,0.0
775246,0.0,0.0,0.0
775412,0.0,0.0,0.0
775567,0.0,0.0,0.0
775755,0.0,0.0,0.0
775829,0.0,0.0,0.0
776752,0.0,0.0,0.0
777006,0.0,0.0,0.0
777625,0.0,0.0,0.0
777637,0.0,0.0,0.0
777668,0.0,0.0,0.0
777751,0.0,0.0,0.0
778481,0.0,0.0,0.0
779421,0.0,0.0,0.0
779621,0.0,0.0,0.0
779801,0.0,0.0,0.0
779888,0.0,0.0,0.0
780190,0.0,0.0,0.0
780574,0.0,0.0,0.0
781015,0.0,0.0,0.0
781124,0.0,0.0,0.0
781358,0.0,0.0,0.0
781517,0.0,0.0,0.0
781719,0.0,0.0,0.0
781807,0.0,0.0,0.0
781811,0.0,0.0,0.0
782117,0.0,0.0,0.0
782280,0.0,0.0,0.0
782604,0.0,0.0,0.0
782834,1.0,0.2,0.5208333333333333
783292,0.0,0.0,0.0
783628,0.0,0.0,0.0
784584,0.0,0.0,0.0
784908,0.0,0.0,0.0
785105,0.0,0.0,0.0
785208,0.0,0.0,0.0
785529,0.0,0.0,0.0
785651,0.0,0.0,0.0
786237,0.0,0.0,0.0
786675,0.0,0.0,0.0
787020,0.0,0.0,0.0
788336,0.0,0.0,0.0
788473,0.0,0.0,0.0
788572,0.0,0.0,0.0
788641,0.0,0.0,0.0
788886,0.0,0.0,0.0
789781,0.0,0.0,0.0
790840,0.0,0.0,0.0
791451,0.0,0.0,0.0
791486,0.0,0.0,0.0
791928,0.0,0.0,0.0
791955,0.0,0.0,0.0
792906,0.0,0.0,0.0
793063,0.0,0.0,0.0
793833,0.0,0.0,0.0
794144,0.0,0.0,0.0
794295,0.0,0.0,0.0
794402,0.0,0.0,0.0
794654,0.0,0.0,0.0
794897,0.0,0.0,0.0
795265,0.0,0.0,0.0
795583,0.0,0.0,0.0
795961,0.0,0.0,0.0
796023,0.0,0.0,0.0
796250,0.0,0.0,0.0
797354,0.5,0.2,0.14583333333333331
797447,0.0,0.0,0.0
797895,0.0,0.0,0.0
798171,0.0,0.0,0.0
798687,0.0,0.0,0.0
798906,0.0,0.0,0.0
799127,0.0,0.0,0.0
799341,0.0,0.0,0.0
799916,0.0,0.0,0.0
800220,0.0,0.0,0.0
800722,0.0,0.0,0.0
801698,0.0,0.0,0.0
801963,0.0,0.0,0.0
802143,0.0,0.0,0.0
802484,0.0,0.0,0.0
803184,0.0,0.0,0.0
803319,0.0,0.0,0.0
803542,0.0,0.0,0.0
803739,0.0,0.0,0.0
804107,0.0,0.0,0.0
804123,0.0,0.0,0.0
804241,0.0,0.0,0.0
804870,0.0,0.0,0.0
804874,0.0,0.0,0.0
804931,1.0,0.2,0.5208333333333333
805628,0.0,0.0,0.0
805714,0.0,0.0,0.0
805774,0.0,0.0,0.0
805894,0.0,0.0,0.0
807156,0.0,0.0,0.0
807528,0.0,0.0,0.0
808687,0.0,0.0,0.0
808901,0.0,0.0,0.0
808966,0.0,0.0,0.0
809649,0.0,0.0,0.0
809696,0.0,0.0,0.0
810083,0.0,0.0,0.0
810108,0.0,0.0,0.0
810208,0.0,0.0,0.0
811092,0.0,0.0,0.0
812015,0.0,0.0,0.0
812577,0.0,0.0,0.0
812676,0.0,0.0,0.0
812721,0.0,0.0,0.0
812924,0.0,0.0,0.0
813654,0.0,0.0,0.0
814179,0.0,0.0,0.0
815400,0.0,0.0,0.0
815667,0.0,0.0,0.0
815669,0.0,0.0,0.0
815938,0.0,0.0,0.0
816909,0.0,0.0,0.0
816990,0.0,0.0,0.0
817021,0.0,0.0,0.0
817854,0.0,0.0,0.0
818368,0.0,0.0,0.0
818618,0.0,0.0,0.0
819134,0.0,0.0,0.0
819541,0.0,0.0,0.0
819630,0.0,0.0,0.0
819982,0.0,0.0,0.0
820125,0.0,0.0,0.0
820176,0.0,0.0,0.0
820455,0.0,0.0,0.0
820665,0.0,0.0,0.0
820752,0.0,0.0,0.0
821324,0.0,0.0,0.0
821797,0.0,0.0,0.0
821823,0.0,0.0,0.0
822356,0.0,0.0,0.0
822375,0.0,0.0,0.0
823051,0.0,0.0,0.0
823184,0.0,0.0,0.0
823211,0.0,0.0,0.0
823299,0.0,0.0,0.0
823612,0.0,0.0,0.0
823659,0.0,0.0,0.0
823920,0.0,0.0,0.0
824441,0.0,0.0,0.0
824853,0.0,0.0,0.0
825321,0.0,0.0,0.0
825399,0.0,0.0,0.0
825564,0.0,0.0,0.0
826379,0.0,0.0,0.0
826845,0.0,0.0,0.0
827436,0.0,0.0,0.0
827559,0.0,0.0,0.0
827578,0.0,0.0,0.0
827961,0.0,0.0,0.0
828052,0.0,0.0,0.0
828517,0.0,0.0,0.0
828566,0.0,0.0,0.0
828612,0.0,0.0,0.0
828651,0.0,0.0,0.0
829113,0.0,0.0,0.0
829329,0.0,0.0,0.0
829359,0.0,0.0,0.0
829608,0.0,0.0,0.0
829916,0.0,0.0,0.0
830398,0.0,0.0,0.0
830607,0.0,0.0,0.0
830744,0.0,0.0,0.0
831630,0.0,0.0,0.0
832162,0.0,0.0,0.0
832932,0.0,0.0,0.0
833361,0.0,0.0,0.0
833375,0.0,0.0,0.0
834221,0.0,0.0,0.0
834342,0.0,0.0,0.0
834665,0.0,0.0,0.0
834992,0.0,0.0,0.0
835513,0.0,0.0,0.0
835518,0.0,0.0,0.0
835996,0.0,0.0,0.0
836184,0.0,0.0,0.0
837793,0.0,0.0,0.0
838569,0.0,0.0,0.0
838741,0.0,0.0,0.0
838816,0.0,0.0,0.0
840113,0.0,0.0,0.0
840465,0.0,0.0,0.0
841104,0.0,0.0,0.0
841779,0.0,0.0,0.0
842168,0.0,0.0,0.0
842379,0.0,0.0,0.0
842925,0.0,0.0,0.0
843187,0.5,0.2,0.14583333333333331
843942,0.0,0.0,0.0
844167,0.0,0.0,0.0
844204,0.0,0.0,0.0
844306,0.0,0.0,0.0
844727,0.0,0.0,0.0
845240,0.0,0.0,0.0
845327,0.0,0.0,0.0
845707,0.0,0.0,0.0
846629,0.0,0.0,0.0
846663,0.0,0.0,0.0
847584,0.0,0.0,0.0
848350,0.0,0.0,0.0
848498,0.0,0.0,0.0
848881,0.0,0.0,0.0
849186,0.0,0.0,0.0
849244,0.0,0.0,0.0
849594,0.0,0.0,0.0
849833,0.0,0.0,0.0
850365,0.0,0.0,0.0
851014,0.0,0.0,0.0
851635,0.0,0.0,0.0
851715,0.0,0.0,0.0
851997,0.0,0.0,0.0
852269,0.0,0.0,0.0
852392,0.0,0.0,0.0
852600,0.0,0.0,0.0
852716,0.0,0.0,0.0
853150,0.0,0.0,0.0
853769,0.0,0.0,0.0
854284,0.0,0.0,0.0
854350,0.0,0.0,0.0
854552,0.0,0.0,0.0
854593,0.0,0.0,0.0
854606,0.0,0.0,0.0
855355,0.0,0.0,0.0
855424,0.0,0.0,0.0
855486,0.0,0.0,0.0
855965,0.0,0.0,0.0
856085,0.0,0.0,0.0
857054,0.0,0.0,0.0
858819,0.0,0.0,0.0
858862,0.0,0.0,0.0
860070,0.0,0.0,0.0
860107,0.0,0.0,0.0
860408,0.0,0.0,0.0
860640,0.0,0.0,0.0
861404,0.0,0.0,0.0
862178,0.0,0.0,0.0
862200,0.0,0.0,0.0
862352,0.0,0.0,0.0
862415,0.0,0.0,0.0
863104,0.0,0.0,0.0
863466,0.0,0.0,0.0
863846,0.0,0.0,0.0
863954,0.0,0.0,0.0
864190,0.0,0.0,0.0
864972,0.0,0.0,0.0
865061,0.0,0.0,0.0
865710,0.0,0.0,0.0
866150,0.0,0.0,0.0
866174,0.0,0.0,0.0
866960,0.0,0.0,0.0
867628,0.0,0.0,0.0
868277,0.0,0.0,0.0
869259,0.0,0.0,0.0
869456,0.0,0.0,0.0
869590,0.0,0.0,0.0
869906,0.0,0.0,0.0
869986,0.0,0.0,0.0
870030,0.0,0.0,0.0
871629,0.0,0.0,0.0
871752,0.0,0.0,0.0
872015,0.0,0.0,0.0
872161,0.0,0.0,0.0
872636,0.0,0.0,0.0
872779,0.0,0.0,0.0
873032,0.0,0.0,0.0
873210,0.0,0.0,0.0
873921,0.0,0.0,0.0
874735,0.0,0.0,0.0
875415,0.0,0.0,0.0
875952,0.0,0.0,0.0
876696,0.0,0.0,0.0
876984,0.0,0.0,0.0
877924,0.0,0.0,0.0
877989,0.0,0.0,0.0
878825,0.0,0.0,0.0
878963,0.0,0.0,0.0
879431,0.0,0.0,0.0
879826,0.0,0.0,0.0
879985,0.0,0.0,0.0
880043,0.0,0.0,0.0
882820,0.0,0.0,0.0
883401,0.0,0.0,0.0
884331,0.0,0.0,0.0
884623,0.0,0.0,0.0
884627,0.0,0.0,0.0
885042,0.0,0.0,0.0
885581,0.0,0.0,0.0
886030,0.0,0.0,0.0
886626,0.0,0.0,0.0
886804,0.0,0.0,0.0
886917,0.0,0.0,0.0
887814,0.0,0.0,0.0
888117,0.0,0.0,0.0
888663,0.0,0.0,0.0
888792,0.0,0.0,0.0
889282,0.0,0.0,0.0
890790,0.0,0.0,0.0
890967,0.0,0.0,0.0
891738,0.0,0.0,0.0
892226,0.0,0.0,0.0
892663,0.0,0.0,0.0
893406,0.0,0.0,0.0
893641,0.0,0.0,0.0
894363,0.0,0.0,0.0
894426,0.0,0.0,0.0
894513,0.0,0.0,0.0
895045,0.0,0.0,0.0
895065,0.0,0.0,0.0
895237,0.0,0.0,0.0
895397,0.0,0.0,0.0
895755,0.0,0.0,0.0
896069,0.0,0.0,0.0
896171,0.0,0.0,0.0
896286,1.0,0.2,0.5208333333333333
896615,0.0,0.0,0.0
896729,0.0,0.0,0.0
897190,0.0,0.0,0.0
897195,0.0,0.0,0.0
897745,0.0,0.0,0.0
897917,0.0,0.0,0.0
898193,0.0,0.0,0.0
898194,0.0,0.0,0.0
898203,0.0,0.0,0.0
899182,0.0,0.0,0.0
899946,0.0,0.0,0.0
900296,1.0,0.2,0.5208333333333333
901203,0.0,0.0,0.0
901759,0.0,0.0,0.0
902302,0.0,0.0,0.0
902796,0.0,0.0,0.0
903092,0.43067655807339306,0.2,0.0625
903657,0.0,0.0,0.0
903869,0.0,0.0,0.0
904136,0.0,0.0,0.0
904528,0.0,0.0,0.0
904715,0.0,0.0,0.0
904939,0.0,0.0,0.0
905099,0.0,0.0,0.0
906077,0.0,0.0,0.0
906197,0.0,0.0,0.0
906452,0.0,0.0,0.0
906522,0.0,0.0,0.0
906796,0.0,0.0,0.0
906964,0.0,0.0,0.0
908319,0.0,0.0,0.0
908324,0.0,0.0,0.0
908363,0.0,0.0,0.0
908439,0.0,0.0,0.0
908958,0.0,0.0,0.0
909080,0.0,0.0,0.0
909300,0.0,0.0,0.0
909594,0.0,0.0,0.0
909613,1.0,0.2,0.5208333333333333
910068,0.0,0.0,0.0
910242,0.0,0.0,0.0
910268,0.5,0.2,0.14583333333333331
910566,0.0,0.0,0.0
910757,0.0,0.0,0.0
910904,0.0,0.0,0.0
911319,0.0,0.0,0.0
911419,0.0,0.0,0.0
912669,0.0,0.0,0.0
912932,0.0,0.0,0.0
913409,0.0,0.0,0.0
913474,0.0,0.0,0.0
913867,0.0,0.0,0.0
913903,0.0,0.0,0.0
914902,0.0,0.0,0.0
914939,0.0,0.0,0.0
915137,0.0,0.0,0.0
915460,0.0,0.0,0.0
915812,0.0,0.0,0.0
916158,0.0,0.0,0.0
917162,1.0,0.2,0.5208333333333333
917293,0.0,0.0,0.0
917363,0.0,0.0,0.0
917394,0.0,0.0,0.0
918116,0.0,0.0,0.0
918462,0.0,0.0,0.0
919134,0.0,0.0,0.0
919284,0.0,0.0,0.0
919682,0.0,0.0,0.0
919884,0.0,0.0,0.0
920173,0.0,0.0,0.0
920605,0.0,0.0,0.0
920718,0.0,0.0,0.0
920874,0.0,0.0,0.0
920932,0.0,0.0,0.0
921307,0.0,0.0,0.0
922784,0.0,0.0,0.0
923002,0.0,0.0,0.0
923373,0.0,0.0,0.0
923461,0.0,0.0,0.0
924616,0.0,0.0,0.0
925564,0.0,0.0,0.0
926128,0.0,0.0,0.0
926501,0.0,0.0,0.0
926679,0.0,0.0,0.0
926916,0.0,0.0,0.0
927230,0.0,0.0,0.0
927482,0.0,0.0,0.0
927880,0.0,0.0,0.0
927953,0.0,0.0,0.0
928062,0.0,0.0,0.0
928337,0.0,0.0,0.0
928704,0.0,0.0,0.0
929920,0.0,0.0,0.0
930325,0.0,0.0,0.0
930420,0.0,0.0,0.0
930730,0.0,0.0,0.0
931064,0.0,0.0,0.0
931066,0.0,0.0,0.0
931281,0.0,0.0,0.0
931706,0.0,0.0,0.0
931773,0.0,0.0,0.0
931780,0.0,0.0,0.0
931848,0.0,0.0,0.0
931885,0.0,0.0,0.0
932344,0.0,0.0,0.0
932587,0.0,0.0,0.0
932613,0.0,0.0,0.0
933769,0.0,0.0,0.0
935404,0.0,0.0,0.0
936155,0.0,0.0,0.0
936216,0.0,0.0,0.0
936778,0.0,0.0,0.0
936810,0.0,0.0,0.0
937679,0.0,0.0,0.0
937774,0.0,0.0,0.0
938360,0.0,0.0,0.0
938650,0.0,0.0,0.0
939894,0.0,0.0,0.0
939929,0.0,0.0,0.0
940040,0.0,0.0,0.0
940179,0.0,0.0,0.0
940371,0.0,0.0,0.0
940745,0.0,0.0,0.0
941032,0.0,0.0,0.0
941718,0.0,0.0,0.0
941941,0.0,0.0,0.0
942664,0.0,0.0,0.0
942756,0.0,0.0,0.0
943792,0.0,0.0,0.0
944157,0.0,0.0,0.0
944454,0.0,0.0,0.0
944524,0.0,0.0,0.0
944679,0.0,0.0,0.0
945165,0.0,0.0,0.0
945675,0.0,0.0,0.0
945702,0.0,0.0,0.0
945770,0.0,0.0,0.0
946119,0.0,0.0,0.0
946984,0.0,0.0,0.0
947070,0.0,0.0,0.0
947289,0.0,0.0,0.0
947576,0.0,0.0,0.0
947772,0.0,0.0,0.0
948677,0.0,0.0,0.0
948894,0.0,0.0,0.0
949033,0.0,0.0,0.0
949491,0.0,0.0,0.0
950091,0.0,0.0,0.0
950187,0.0,0.0,0.0
950250,0.0,0.0,0.0
950306,0.0,0.0,0.0
950383,0.0,0.0,0.0
950898,0.0,0.0,0.0
951072,0.0,0.0,0.0
951108,0.0,0.0,0.0
952331,0.0,0.0,0.0
952879,0.0,0.0,0.0
953430,0.0,0.0,0.0
953518,0.0,0.0,0.0
954212,0.0,0.0,0.0
955341,0.0,0.0,0.0
955402,0.0,0.0,0.0
955576,0.0,0.0,0.0
955599,0.0,0.0,0.0
955783,0.0,0.0,0.0
955844,0.0,0.0,0.0
956010,0.0,0.0,0.0
957044,0.0,0.0,0.0
957940,0.0,0.0,0.0
958134,0.0,0.0,0.0
958852,0.0,0.0,0.0
958952,0.0,0.0,0.0
959018,0.0,0.0,0.0
959600,0.0,0.0,0.0
959713,0.0,0.0,0.0
959864,0.0,0.0,0.0
959889,0.0,0.0,0.0
959915,0.0,0.0,0.0
960134,0.0,0.0,0.0
960360,0.0,0.0,0.0
960760,0.0,0.0,0.0
961336,0.0,0.0,0.0
962135,0.0,0.0,0.0
962634,0.0,0.0,0.0
962724,0.0,0.0,0.0
963238,0.0,0.0,0.0
963284,0.0,0.0,0.0
963364,0.0,0.0,0.0
963780,0.0,0.0,0.0
964096,0.0,0.0,0.0
965572,0.0,0.0,0.0
965579,0.0,0.0,0.0
965972,0.0,0.0,0.0
966207,0.0,0.0,0.0
966287,0.0,0.0,0.0
966423,0.0,0.0,0.0
966584,0.0,0.0,0.0
966741,0.0,0.0,0.0
967165,0.0,0.0,0.0
967461,0.0,0.0,0.0
967613,0.0,0.0,0.0
967713,0.0,0.0,0.0
967930,0.0,0.0,0.0
968576,0.0,0.0,0.0
968624,0.0,0.0,0.0
969003,0.0,0.0,0.0
969310,0.0,0.0,0.0
969698,0.0,0.0,0.0
969723,0.0,0.0,0.0
970123,0.0,0.0,0.0
970301,0.0,0.0,0.0
970756,0.0,0.0,0.0
970951,0.0,0.0,0.0
971010,0.0,0.0,0.0
971160,0.0,0.0,0.0
971501,0.0,0.0,0.0
971531,0.0,0.0,0.0
972091,0.0,0.0,0.0
972101,0.0,0.0,0.0
972483,0.0,0.0,0.0
972905,0.0,0.0,0.0
972907,0.0,0.0,0.0
973260,0.0,0.0,0.0
973264,0.0,0.0,0.0
973353,0.0,0.0,0.0
973505,0.0,0.0,0.0
974167,0.0,0.0,0.0
974265,0.0,0.0,0.0
974431,0.0,0.0,0.0
974517,0.0,0.0,0.0
975326,0.0,0.0,0.0
975572,0.0,0.0,0.0
975596,0.0,0.0,0.0
976270,0.0,0.0,0.0
976341,0.0,0.0,0.0
976361,0.0,0.0,0.0
976413,0.0,0.0,0.0
976823,0.0,0.0,0.0
976932,0.0,0.0,0.0
977355,0.0,0.0,0.0
978273,0.0,0.0,0.0
979080,0.0,0.0,0.0
979403,0.0,0.0,0.0
979577,0.0,0.0,0.0
979827,0.0,0.0,0.0
980703,0.0,0.0,0.0
980985,0.0,0.0,0.0
981638,0.0,0.0,0.0
981904,0.0,0.0,0.0
982378,0.0,0.0,0.0
983391,0.0,0.0,0.0
984573,0.0,0.0,0.0
984835,0.0,0.0,0.0
984898,0.0,0.0,0.0
985088,0.0,0.0,0.0
985196,0.0,0.0,0.0
985246,0.0,0.0,0.0
985407,0.0,0.0,0.0
986231,0.0,0.0,0.0
986317,0.0,0.0,0.0
986754,0.0,0.0,0.0
986800,0.0,0.0,0.0
987425,0.0,0.0,0.0
987503,0.0,0.0,0.0
987604,0.0,0.0,0.0
988393,0.0,0.0,0.0
988413,0.0,0.0,0.0
988592,0.0,0.0,0.0
988746,0.0,0.0,0.0
988767,0.0,0.0,0.0
989191,0.0,0.0,0.0
989731,0.0,0.0,0.0
990292,0.0,0.0,0.0
990309,0.0,0.0,0.0
990752,0.0,0.0,0.0
991137,0.0,0.0,0.0
991866,0.0,0.0,0.0
993167,0.0,0.0,0.0
993382,0.0,0.0,0.0
993625,0.0,0.0,0.0
993679,0.0,0.0,0.0
994910,0.0,0.0,0.0
995441,0.0,0.0,0.0
996032,0.0,0.0,0.0
996148,0.0,0.0,0.0
996768,0.0,0.0,0.0
996807,0.0,0.0,0.0
997701,0.0,0.0,0.0
997777,0.0,0.0,0.0
998135,0.0,0.0,0.0
998609,0.0,0.0,0.0
998897,0.0,0.0,0.0
998908,0.0,0.0,0.0
998998,0.0,0.0,0.0
1000451,0.0,0.0,0.0
1000958,0.0,0.0,0.0
1001886,0.0,0.0,0.0
1002184,0.0,0.0,0.0
1002187,0.0,0.0,0.0
1002190,0.0,0.0,0.0
1002278,0.0,0.0,0.0
1002294,0.0,0.0,0.0
1003368,0.0,0.0,0.0
1003564,0.0,0.0,0.0
1003607,0.0,0.0,0.0
1003867,0.0,0.0,0.0
1003958,0.0,0.0,0.0
1004082,0.0,0.0,0.0
1004112,0.0,0.0,0.0
1004654,0.0,0.0,0.0
1004737,0.0,0.0,0.0
1004932,0.0,0.0,0.0
1004965,0.0,0.0,0.0
1005295,0.0,0.0,0.0
1006073,0.0,0.0,0.0
1006145,0.0,0.0,0.0
1006480,0.0,0.0,0.0
1007190,0.0,0.0,0.0
1007719,0.0,0.0,0.0
1007839,0.0,0.0,0.0
1008221,0.0,0.0,0.0
1008657,0.0,0.0,0.0
1009056,0.0,0.0,0.0
1009447,0.0,0.0,0.0
1009755,0.0,0.0,0.0
1009934,0.0,0.0,0.0
1009965,0.0,0.0,0.0
1010008,0.0,0.0,0.0
1010483,0.0,0.0,0.0
1010516,0.0,0.0,0.0
1010688,0.0,0.0,0.0
1010739,1.0,0.2,0.5208333333333333
1011069,0.0,0.0,0.0
1011338,0.0,0.0,0.0
1011657,0.0,0.0,0.0
1012671,0.0,0.0,0.0
1013073,0.0,0.0,0.0
1014666,0.0,0.0,0.0
1016688,0.0,0.0,0.0
1016922,0.0,0.0,0.0
1017417,0.0,0.0,0.0
1018889,0.0,0.0,0.0
1018895,0.0,0.0,0.0
1018945,0.0,0.0,0.0
1019126,0.0,0.0,0.0
1019598,0.0,0.0,0.0
1019779,0.0,0.0,0.0
1019913,0.0,0.0,0.0
1020027,0.0,0.0,0.0
1020093,1.0,0.2,0.5208333333333333
1020195,0.0,0.0,0.0
1020247,0.0,0.0,0.0
1020419,0.0,0.0,0.0
1020566,0.0,0.0,0.0
1020738,0.0,0.0,0.0
1021355,0.0,0.0,0.0
1021604,0.0,0.0,0.0
1022221,0.0,0.0,0.0
1022591,0.0,0.0,0.0
1022782,0.0,0.0,0.0
1023059,0.0,0.0,0.0
1023318,0.0,0.0,0.0
1023421,0.0,0.0,0.0
1023626,1.0,0.2,0.5208333333333333
1023797,0.0,0.0,0.0
1023802,0.0,0.0,0.0
1024036,0.0,0.0,0.0
1024133,0.0,0.0,0.0
1024734,0.0,0.0,0.0
1027756,0.0,0.0,0.0
1028109,0.0,0.0,0.0
1028157,0.0,0.0,0.0
1028442,0.0,0.0,0.0
1028832,0.0,0.0,0.0
1029024,0.0,0.0,0.0
1029255,0.0,0.0,0.0
1029271,0.0,0.0,0.0
1029323,0.0,0.0,0.0
1029889,0.0,0.0,0.0
1030311,0.0,0.0,0.0
1031093,0.0,0.0,0.0
1031185,0.0,0.0,0.0
1031203,0.0,0.0,0.0
1032448,0.0,0.0,0.0
1032660,0.0,0.0,0.0
1033600,0.0,0.0,0.0
1034014,0.0,0.0,0.0
1034104,0.0,0.0,0.0
1034852,0.0,0.0,0.0
1035099,0.0,0.0,0.0
1035289,0.0,0.0,0.0
1035387,0.0,0.0,0.0
1036121,0.0,0.0,0.0
1036232,0.0,0.0,0.0
1037405,0.0,0.0,0.0
1037990,0.0,0.0,0.0
1038616,0.0,0.0,0.0
1039055,0.0,0.0,0.0
1039324,0.0,0.0,0.0
1039362,0.0,0.0,0.0
1039448,0.0,0.0,0.0
1039814,0.0,0.0,0.0
1040572,0.0,0.0,0.0
1040611,0.0,0.0,0.0
1041030,0.0,0.0,0.0
1041216,0.0,0.0,0.0
1041844,0.0,0.0,0.0
1042331,0.0,0.0,0.0
1042386,0.0,0.0,0.0
1042765,0.0,0.0,0.0
1042789,0.0,0.0,0.0
1042952,0.0,0.0,0.0
1043092,0.0,0.0,0.0
1043684,0.0,0.0,0.0
1044073,0.0,0.0,0.0
1044372,0.0,0.0,0.0
1044495,0.5,0.2,0.14583333333333331
1044900,0.0,0.0,0.0
1044997,0.0,0.0,0.0
1045065,0.0,0.0,0.0
1046371,0.0,0.0,0.0
1046474,0.0,0.0,0.0
1046554,0.0,0.0,0.0
1046610,0.0,0.0,0.0
1046639,0.0,0.0,0.0
1047170,0.0,0.0,0.0
1047265,0.0,0.0,0.0
1047606,0.0,0.0,0.0
1047714,0.0,0.0,0.0
1048080,0.0,0.0,0.0
1048424,0.0,0.0,0.0
1048454,0.0,0.0,0.0
1048475,0.0,0.0,0.0
1048643,0.0,0.0,0.0
1049032,0.0,0.0,0.0
1049180,0.0,0.0,0.0
1049660,0.0,0.0,0.0
1049839,0.0,0.0,0.0
1049867,0.0,0.0,0.0
1050010,0.0,0.0,0.0
1050178,0.0,0.0,0.0
1050195,0.0,0.0,0.0
1050433,0.0,0.0,0.0
1051197,0.0,0.0,0.0
1051464,0.0,0.0,0.0
1052223,0.0,0.0,0.0
1052934,0.0,0.0,0.0
1053448,0.0,0.0,0.0
1053461,0.0,0.0,0.0
1053934,0.0,0.0,0.0
1054111,0.0,0.0,0.0
1054114,0.0,0.0,0.0
1055028,0.0,0.0,0.0
1055388,0.0,0.0,0.0
1055956,0.0,0.0,0.0
1057483,0.0,0.0,0.0
1058469,0.0,0.0,0.0
1058663,0.0,0.0,0.0
1058785,0.0,0.0,0.0
1059223,0.0,0.0,0.0
1059517,0.0,0.0,0.0
1060484,0.0,0.0,0.0
1060564,0.0,0.0,0.0
1060567,0.0,0.0,0.0
1060837,0.0,0.0,0.0
1061254,0.0,0.0,0.0
1061380,0.0,0.0,0.0
1061485,0.0,0.0,0.0
1063343,0.0,0.0,0.0
1063752,0.0,0.0,0.0
1063907,0.0,0.0,0.0
1064483,0.0,0.0,0.0
1064525,0.0,0.0,0.0
1064555,0.0,0.0,0.0
1064965,0.0,0.0,0.0
1066287,0.0,0.0,0.0
1066361,0.0,0.0,0.0
1066492,0.0,0.0,0.0
1067944,0.0,0.0,0.0
1068253,0.0,0.0,0.0
1069560,0.0,0.0,0.0
1069777,0.0,0.0,0.0
1070531,0.0,0.0,0.0
1070544,0.0,0.0,0.0
1070648,0.0,0.0,0.0
1070739,0.0,0.0,0.0
1071158,0.0,0.0,0.0
1071191,0.0,0.0,0.0
1071364,0.0,0.0,0.0
1072161,0.0,0.0,0.0
1072818,0.0,0.0,0.0
1073267,0.43067655807339306,0.2,0.0625
1073971,0.0,0.0,0.0
1075548,0.0,0.0,0.0
1076098,0.0,0.0,0.0
1076514,0.0,0.0,0.0
1076925,0.0,0.0,0.0
1077385,0.0,0.0,0.0
1077657,0.0,0.0,0.0
1077825,0.0,0.0,0.0
1078610,0.0,0.0,0.0
1078628,0.0,0.0,0.0
1078652,0.0,0.0,0.0
1078797,0.0,0.0,0.0
1078984,0.0,0.0,0.0
1078989,0.0,0.0,0.0
1079777,0.0,0.0,0.0
1079996,0.0,0.0,0.0
1080071,0.0,0.0,0.0
1080207,0.0,0.0,0.0
1080848,0.0,0.0,0.0
1080862,0.0,0.0,0.0
1081165,0.0,0.0,0.0
1081298,0.0,0.0,0.0
1083355,0.0,0.0,0.0
1083527,0.0,0.0,0.0
1084355,0.0,0.0,0.0
1085269,1.0,0.2,0.5208333333333333
1086081,0.0,0.0,0.0
1087612,0.0,0.0,0.0
1088137,0.0,0.0,0.0
1088182,0.0,0.0,0.0
1088720,0.0,0.0,0.0
1089422,0.0,0.0,0.0
1089484,0.0,0.0,0.0
1089504,0.0,0.0,0.0
1089729,0.0,0.0,0.0
1089739,0.0,0.0,0.0
1089967,0.0,0.0,0.0
1090435,0.0,0.0,0.0
1090998,0.0,0.0,0.0
1091083,0.0,0.0,0.0
1091366,0.0,0.0,0.0
1091389,0.0,0.0,0.0
1091422,0.0,0.0,0.0
1091452,0.5,0.2,0.14583333333333331
1094058,0.0,0.0,0.0
1094096,0.0,0.0,0.0
1094163,0.0,0.0,0.0
1094251,0.0,0.0,0.0
1094471,0.0,0.0,0.0
1094584,0.0,0.0,0.0
1095159,0.0,0.0,0.0
1096082,0.0,0.0,0.0
1096402,0.0,0.0,0.0
1096585,0.0,0.0,0.0
1096768,0.0,0.0,0.0
1096844,0.0,0.0,0.0
1098091,0.0,0.0,0.0
1098471,0.0,0.0,0.0
1098479,0.0,0.0,0.0
1098564,0.0,0.0,0.0
1098851,0.0,0.0,0.0
1099148,0.0,0.0,0.0
1099512,0.0,0.0,0.0
1099588,0.0,0.0,0.0
1100123,0.0,0.0,0.0
1101298,0.0,0.0,0.0
1101552,0.0,0.0,0.0
1101587,0.0,0.0,0.0
1101683,0.0,0.0,0.0
1103092,0.0,0.0,0.0
1104042,0.0,0.0,0.0
1104088,0.0,0.0,0.0
1104551,0.0,0.0,0.0
1105740,0.0,0.0,0.0
1106595,0.0,0.0,0.0
1106645,0.9197207891481876,0.4,0.6666666666666666
1107159,0.0,0.0,0.0
1107198,0.0,0.0,0.0
1107327,0.0,0.0,0.0
1107530,0.0,0.0,0.0
1107573,0.0,0.0,0.0
1108322,0.0,0.0,0.0
1108342,0.0,0.0,0.0
1108687,0.0,0.0,0.0
1109248,0.0,0.0,0.0
1109429,0.0,0.0,0.0
1110486,0.0,0.0,0.0
1110653,0.0,0.0,0.0
1110702,0.0,0.0,0.0
1111556,0.0,0.0,0.0
1111631,0.0,0.0,0.0
1111776,0.0,0.0,0.0
1113108,0.0,0.0,0.0
1113285,0.0,0.0,0.0
1114000,0.0,0.0,0.0
1114510,0.0,0.0,0.0
1114627,0.0,0.0,0.0
1114753,0.0,0.0,0.0
1115014,0.0,0.0,0.0
1115238,0.0,0.0,0.0
1116661,0.0,0.0,0.0
1116690,0.0,0.0,0.0
1117421,0.0,0.0,0.0
1117799,0.0,0.0,0.0
1117996,0.0,0.0,0.0
1118009,0.0,0.0,0.0
1118289,0.0,0.0,0.0
1118386,0.0,0.0,0.0
1118536,0.0,0.0,0.0
1120182,0.0,0.0,0.0
1120407,0.0,0.0,0.0
1120509,0.0,0.0,0.0
1120904,0.0,0.0,0.0
1121788,0.0,0.0,0.0
1122003,0.0,0.0,0.0
1123827,0.0,0.0,0.0
1123836,0.0,0.0,0.0
1123899,0.0,0.0,0.0
1125692,0.0,0.0,0.0
1125855,0.0,0.0,0.0
1126548,0.0,0.0,0.0
1127179,0.0,0.0,0.0
1127270,0.0,0.0,0.0
1127498,0.0,0.0,0.0
1127728,0.0,0.0,0.0
1128682,0.0,0.0,0.0
1129013,0.0,0.0,0.0
1129021,0.0,0.0,0.0
1129333,0.0,0.0,0.0
1130340,0.0,0.0,0.0
1131156,0.0,0.0,0.0
1131490,0.0,0.0,0.0
1131678,0.0,0.0,0.0
1131791,0.0,0.0,0.0
1131795,0.0,0.0,0.0
1131804,0.0,0.0,0.0
1131973,0.0,0.0,0.0
1132334,0.0,0.0,0.0
1132654,0.0,0.0,0.0
1132721,0.0,0.0,0.0
1132722,0.0,0.0,0.0
1132775,0.0,0.0,0.0
1132834,0.0,0.0,0.0
1132938,0.0,0.0,0.0
1133253,0.0,0.0,0.0
1133475,0.0,0.0,0.0
1133659,0.0,0.0,0.0
1133820,0.0,0.0,0.0
1133888,0.0,0.0,0.0
1134013,0.0,0.0,0.0
1134231,0.0,0.0,0.0
1134473,0.0,0.0,0.0
1134494,0.0,0.0,0.0
1135287,0.0,0.0,0.0
1135376,0.0,0.0,0.0
1136307,0.0,0.0,0.0
1136384,0.0,0.0,0.0
1136650,0.0,0.0,0.0
1136698,0.0,0.0,0.0
1136763,0.0,0.0,0.0
1136925,0.0,0.0,0.0
1137083,0.0,0.0,0.0
1137532,0.0,0.0,0.0
1137575,0.0,0.0,0.0
1138013,0.0,0.0,0.0
1138953,0.0,0.0,0.0
1139096,0.5,0.2,0.14583333333333331
1139261,0.0,0.0,0.0
1139771,0.6309297535714575,0.2,0.2708333333333333
1139788,0.0,0.0,0.0
1140385,0.0,0.0,0.0
1140432,0.0,0.0,0.0
1141318,0.0,0.0,0.0
1141535,0.0,0.0,0.0
1142434,0.0,0.0,0.0
1142637,0.0,0.0,0.0
1143506,0.0,0.0,0.0
1143656,0.0,0.0,0.0
1143967,0.0,0.0,0.0
1144410,0.0,0.0,0.0
1144687,0.0,0.0,0.0
1144821,0.0,0.0,0.0
1145551,0.0,0.0,0.0
1145978,0.0,0.0,0.0
1146004,0.0,0.0,0.0
1146130,0.0,0.0,0.0
1146390,0.0,0.0,0.0
1147162,0.0,0.0,0.0
1147238,0.0,0.0,0.0
1147325,0.0,0.0,0.0
1147723,0.0,0.0,0.0
1148378,0.0,0.0,0.0
1148583,0.0,0.0,0.0
1148867,0.0,0.0,0.0
1149951,0.0,0.0,0.0
1150605,0.0,0.0,0.0
1150778,0.0,0.0,0.0
1151116,0.0,0.0,0.0
1151719,0.0,0.0,0.0
1152060,0.0,0.0,0.0
1152761,0.0,0.0,0.0
1152895,0.0,0.0,0.0
1153167,0.0,0.0,0.0
1153228,0.0,0.0,0.0
1153243,0.0,0.0,0.0
1153635,0.0,0.0,0.0
1155564,0.0,0.0,0.0
1156045,0.0,0.0,0.0
1156179,0.0,0.0,0.0
1156519,0.0,0.0,0.0
1157057,0.0,0.0,0.0
1157554,0.0,0.0,0.0
1157848,0.0,0.0,0.0
1158680,0.0,0.0,0.0
1159501,0.0,0.0,0.0
1159779,0.0,0.0,0.0
1160157,0.0,0.0,0.0
1160158,0.0,0.0,0.0
1160818,0.0,0.0,0.0
1161050,0.0,0.0,0.0
1161103,0.0,0.0,0.0
1161379,0.0,0.0,0.0
1161403,0.0,0.0,0.0
1161612,0.0,0.0,0.0
1161931,0.0,0.0,0.0
1162693,0.0,0.0,0.0
1162926,0.0,0.0,0.0
1163092,0.0,0.0,0.0
1163530,0.0,0.0,0.0
1163627,0.0,0.0,0.0
1163754,0.0,0.0,0.0
1163793,0.0,0.0,0.0
1164177,0.0,0.0,0.0
1164227,0.0,0.0,0.0
1164301,0.0,0.0,0.0
1164679,0.0,0.0,0.0
1164790,0.0,0.0,0.0
1165205,0.0,0.0,0.0
1165440,0.0,0.0,0.0
1166238,0.0,0.0,0.0
1166255,0.0,0.0,0.0
1166716,0.0,0.0,0.0
1166952,0.0,0.0,0.0
1167033,0.0,0.0,0.0
1167330,0.0,0.0,0.0
1167786,0.0,0.0,0.0
1167986,0.0,0.0,0.0
1168050,0.0,0.0,0.0
1168181,0.0,0.0,0.0
1169200,0.0,0.0,0.0
1169239,0.0,0.0,0.0
1169362,0.0,0.0,0.0
1169556,0.0,0.0,0.0
1169956,0.0,0.0,0.0
1170304,0.0,0.0,0.0
1171670,0.0,0.0,0.0
1171955,1.0,0.2,0.5208333333333333
1172141,0.0,0.0,0.0
1172872,0.0,0.0,0.0
1172987,0.0,0.0,0.0
1173128,0.0,0.0,0.0
1173598,0.0,0.0,0.0
1174813,0.0,0.0,0.0
1175012,0.0,0.0,0.0
1175121,0.0,0.0,0.0
1175143,0.0,0.0,0.0
1175360,0.0,0.0,0.0
1175389,0.0,0.0,0.0
1175522,0.0,0.0,0.0
1175945,0.5,0.2,0.14583333333333331
1176862,0.0,0.0,0.0
1177085,0.0,0.0,0.0
1177554,0.0,0.0,0.0
1177623,0.0,0.0,0.0
1178291,0.0,0.0,0.0
1178444,0.0,0.0,0.0
1178689,0.0,0.0,0.0
1178948,0.0,0.0,0.0
1179237,0.0,0.0,0.0
1179557,0.0,0.0,0.0
1180957,0.0,0.0,0.0
1181435,0.0,0.0,0.0
1181527,0.0,0.0,0.0
1181912,0.0,0.0,0.0
1183040,0.0,0.0,0.0
1184509,0.0,0.0,0.0
1184624,0.0,0.0,0.0
1184647,0.0,0.0,0.0
1184776,0.0,0.0,0.0
1184809,0.0,0.0,0.0
1185011,0.0,0.0,0.0
1185015,0.0,0.0,0.0
1185087,0.0,0.0,0.0
1185138,0.0,0.0,0.0
1185322,0.0,0.0,0.0
1185430,0.0,0.0,0.0
1185515,0.0,0.0,0.0
1185686,0.0,0.0,0.0
1186085,0.0,0.0,0.0
1186383,0.0,0.0,0.0
1186440,0.0,0.0,0.0
1186570,0.0,0.0,0.0
1186711,0.0,0.0,0.0
1186830,0.0,0.0,0.0
1186852,0.0,0.0,0.0
1188297,0.0,0.0,0.0
1189189,0.0,0.0,0.0
1189195,0.0,0.0,0.0
1189412,0.0,0.0,0.0
1189650,0.0,0.0,0.0
1189724,0.0,0.0,0.0
1190217,0.0,0.0,0.0
1190280,0.0,0.0,0.0
1190599,0.0,0.0,0.0
1190706,0.0,0.0,0.0
1190804,0.0,0.0,0.0
1190941,0.0,0.0,0.0
1191304,0.0,0.0,0.0
1191693,0.0,0.0,0.0
1192570,0.0,0.0,0.0
1192675,0.0,0.0,0.0
1192828,0.0,0.0,0.0
1193303,0.0,0.0,0.0
1193453,0.0,0.0,0.0
1193559,0.0,0.0,0.0
1193560,0.0,0.0,0.0
1194226,0.0,0.0,0.0
1195388,0.0,0.0,0.0
1197017,0.0,0.0,0.0
1197080,0.0,0.0,0.0
1197292,0.0,0.0,0.0
1197380,0.0,0.0,0.0
1197477,0.0,0.0,0.0
1197815,0.0,0.0,0.0
1198142,0.0,0.0,0.0
1198608,0.0,0.0,0.0
1199196,0.0,0.0,0.0
1199309,0.0,0.0,0.0
1199585,0.0,0.0,0.0
1199667,0.0,0.0,0.0
1199786,0.0,0.0,0.0
1199828,0.0,0.0,0.0
1199957,0.0,0.0,0.0
1200969,0.0,0.0,0.0
1201010,0.0,0.0,0.0
1202517,0.0,0.0,0.0
1202559,0.0,0.0,0.0
1202627,0.0,0.0,0.0
1202650,0.0,0.0,0.0
1202755,0.0,0.0,0.0
1203543,0.0,0.0,0.0
1203687,0.0,0.0,0.0
1203846,0.0,0.0,0.0
1203927,0.0,0.0,0.0
1204184,0.0,0.0,0.0
1204218,0.0,0.0,0.0
1204567,0.0,0.0,0.0
1204643,0.0,0.0,0.0
1204840,0.0,0.0,0.0
1204851,0.0,0.0,0.0
1204912,0.0,0.0,0.0
1205288,0.0,0.0,0.0
1205420,0.0,0.0,0.0
1205905,0.0,0.0,0.0
1206510,0.0,0.0,0.0
1207358,0.0,0.0,0.0
1207660,0.0,0.0,0.0
1207686,0.0,0.0,0.0
1207700,0.0,0.0,0.0
1208619,0.0,0.0,0.0
1208707,0.0,0.0,0.0
1209351,0.0,0.0,0.0
1209895,0.0,0.0,0.0
1209982,0.0,0.0,0.0
1210029,0.0,0.0,0.0
1210052,0.0,0.0,0.0
1210410,0.0,0.0,0.0
1210611,0.0,0.0,0.0
1210779,0.0,0.0,0.0
1211556,0.0,0.0,0.0
1211608,0.0,0.0,0.0
1212307,0.0,0.0,0.0
1212901,0.0,0.0,0.0
1213218,0.0,0.0,0.0
1213279,0.0,0.0,0.0
1214157,0.0,0.0,0.0
1214222,0.0,0.0,0.0
1214743,0.0,0.0,0.0
1214963,0.0,0.0,0.0
1215612,0.0,0.0,0.0
1216026,0.0,0.0,0.0
1216124,0.0,0.0,0.0
1216214,0.0,0.0,0.0
1216692,0.0,0.0,0.0
1217010,0.0,0.0,0.0
1217259,0.0,0.0,0.0
1217275,0.0,0.0,0.0
1217521,0.0,0.0,0.0
1218373,0.0,0.0,0.0
1218482,0.0,0.0,0.0
1218572,0.0,0.0,0.0
1219860,0.0,0.0,0.0
1220093,0.0,0.0,0.0
1220218,0.0,0.0,0.0
1220296,0.0,0.0,0.0
1220347,0.0,0.0,0.0
1220949,0.0,0.0,0.0
1222523,0.0,0.0,0.0
1222738,0.0,0.0,0.0
1223674,0.0,0.0,0.0
1223836,0.0,0.0,0.0
1224195,0.0,0.0,0.0
1224731,0.0,0.0,0.0
1225245,0.0,0.0,0.0
1225954,0.0,0.0,0.0
1226070,0.0,0.0,0.0
1226092,0.0,0.0,0.0
1226113,0.0,0.0,0.0
1226659,0.0,0.0,0.0
1226766,0.0,0.0,0.0
1227176,0.0,0.0,0.0
1228730,0.0,0.0,0.0
1229488,0.0,0.0,0.0
1229590,0.0,0.0,0.0
1230556,0.0,0.0,0.0
1230656,0.0,0.0,0.0
1230699,0.0,0.0,0.0
1230845,0.0,0.0,0.0
1231075,0.0,0.0,0.0
1232404,0.0,0.0,0.0
1232468,0.0,0.0,0.0
1232534,0.0,0.0,0.0
1232826,0.0,0.0,0.0
1233190,0.0,0.0,0.0
1233828,0.0,0.0,0.0
1233903,0.0,0.0,0.0
1234301,0.0,0.0,0.0
1234369,0.0,0.0,0.0
1234381,0.0,0.0,0.0
1234984,0.0,0.0,0.0
1235626,0.0,0.0,0.0
1236065,0.0,0.0,0.0
1236236,0.0,0.0,0.0
1236670,0.0,0.0,0.0
1237023,0.0,0.0,0.0
1237447,0.0,0.0,0.0
1238445,0.0,0.0,0.0
1238541,0.0,0.0,0.0
1239040,0.0,0.0,0.0
1239167,0.0,0.0,0.0
1239532,0.0,0.0,0.0
1239654,0.0,0.0,0.0
1240048,0.0,0.0,0.0
1241834,0.0,0.0,0.0
1241847,0.0,0.0,0.0
1242411,0.0,0.0,0.0
1243499,0.0,0.0,0.0
1243584,0.0,0.0,0.0
1243673,0.0,0.0,0.0
1243709,0.0,0.0,0.0
1243985,0.0,0.0,0.0
1245886,0.0,0.0,0.0
1246025,0.0,0.0,0.0
1246059,0.0,0.0,0.0
1247412,0.0,0.0,0.0
1247676,0.0,0.0,0.0
1247905,0.0,0.0,0.0
1247915,0.0,0.0,0.0
1248705,0.0,0.0,0.0
1248792,0.0,0.0,0.0
1248822,0.0,0.0,0.0
1249115,0.0,0.0,0.0
1249336,0.0,0.0,0.0
1250081,0.0,0.0,0.0
1250096,0.0,0.0,0.0
1250230,0.0,0.0,0.0
1250296,0.0,0.0,0.0
1250422,0.0,0.0,0.0
1250561,0.0,0.0,0.0
1250944,0.0,0.0,0.0
1251762,0.0,0.0,0.0
1252093,1.0,0.2,0.5208333333333333
1253103,0.0,0.0,0.0
1253168,0.0,0.0,0.0
1253301,0.0,0.0,0.0
1254586,0.0,0.0,0.0
1254630,0.0,0.0,0.0
1254963,0.0,0.0,0.0
1255064,0.0,0.0,0.0
1255152,0.0,0.0,0.0
1255510,0.0,0.0,0.0
1255703,0.0,0.0,0.0
1255773,0.0,0.0,0.0
1255851,0.0,0.0,0.0
1256175,0.0,0.0,0.0
1257773,0.0,0.0,0.0
1257975,0.0,0.0,0.0
1257997,0.0,0.0,0.0
1258821,0.0,0.0,0.0
1259651,0.0,0.0,0.0
1260136,0.0,0.0,0.0
1260290,0.0,0.0,0.0
1260740,0.0,0.0,0.0
1261091,0.0,0.0,0.0
1261248,0.0,0.0,0.0
1261945,0.0,0.0,0.0
1262144,0.0,0.0,0.0
1262717,0.0,0.0,0.0
1262845,0.0,0.0,0.0
1262851,0.0,0.0,0.0
1263210,0.0,0.0,0.0
1263691,0.0,0.0,0.0
1263792,0.0,0.0,0.0
1264837,0.0,0.0,0.0
1264862,0.0,0.0,0.0
1265019,0.0,0.0,0.0
1265071,0.0,0.0,0.0
1265874,0.0,0.0,0.0
1267122,0.0,0.0,0.0
1267150,0.0,0.0,0.0
1267189,0.0,0.0,0.0
1267421,0.0,0.0,0.0
1267777,0.0,0.0,0.0
1267823,0.0,0.0,0.0
1268835,0.0,0.0,0.0
1268850,0.0,0.0,0.0
1269146,0.0,0.0,0.0
1269770,0.0,0.0,0.0
1271428,0.0,0.0,0.0
1271670,0.0,0.0,0.0
1272471,0.0,0.0,0.0
1273076,0.0,0.0,0.0
1273238,0.0,0.0,0.0
1273610,0.0,0.0,0.0
1273752,0.0,0.0,0.0
1273902,0.0,0.0,0.0
1273938,0.0,0.0,0.0
1274510,0.0,0.0,0.0
1274808,0.0,0.0,0.0
1276260,0.0,0.0,0.0
1276519,0.0,0.0,0.0
1277089,0.0,0.0,0.0
1277221,0.0,0.0,0.0
1278114,0.0,0.0,0.0
1278369,0.0,0.0,0.0
1278868,0.0,0.0,0.0
1278989,0.0,0.0,0.0
1279085,0.0,0.0,0.0
1279544,0.0,0.0,0.0
1279892,0.0,0.0,0.0
1279998,0.0,0.0,0.0
1280085,0.0,0.0,0.0
1280099,0.0,0.0,0.0
1280524,0.0,0.0,0.0
1282663,0.0,0.0,0.0
1284537,0.0,0.0,0.0
1285069,0.0,0.0,0.0
1285096,0.0,0.0,0.0
1285103,0.0,0.0,0.0
1285649,0.0,0.0,0.0
1285828,0.0,0.0,0.0
1286178,0.0,0.0,0.0
1287249,0.0,0.0,0.0
1287356,0.0,0.0,0.0
1287753,0.0,0.0,0.0
1288674,0.0,0.0,0.0
1289503,0.0,0.0,0.0
1290970,0.0,0.0,0.0
1291361,0.0,0.0,0.0
1291460,0.0,0.0,0.0
1292008,0.0,0.0,0.0
1292256,0.0,0.0,0.0
1292433,0.0,0.0,0.0
1292641,0.0,0.0,0.0
1293063,0.0,0.0,0.0
1293381,0.0,0.0,0.0
1293525,0.0,0.0,0.0
1293705,0.0,0.0,0.0
1294558,0.0,0.0,0.0
1294784,0.0,0.0,0.0
1294877,0.0,0.0,0.0
1295573,0.0,0.0,0.0
1297124,0.0,0.0,0.0
1297168,0.0,0.0,0.0
1297258,0.0,0.0,0.0
